Education,Experience,Location,Job_Title,Age,Gender,Salary
Diploma,8,Urban,Manager,63,Male,58452.37740000538
PhD,11,Suburban,Director,59,Male,116411.68669448188
Bachelor,28,Suburban,Manager,61,Female,122353.65120535322
Diploma,29,Rural,Director,45,Male,113815.51435803111
PhD,25,Urban,Analyst,26,Female,65619.2415687045
PhD,19,Rural,Director,27,Female,144239.85526194508
PhD,4,Rural,Director,60,Female,87096.03198914172
PhD,13,Suburban,Director,49,Female,114833.0599977601
Bachelor,20,Urban,Web Developer,25,Female,58452.640507150274
PhD,14,Urban,Analyst,58,Female,49885.99900380878
Bachelor,23,Rural,Manager,23,Female,104504.26498808604
Masters,1,Urban,Director,27,Female,69113.63813082904
Diploma,11,Urban,Manager,63,Male,59973.07282264064
PhD,4,Rural,Manager,43,Male,68766.85536820634
Masters,7,Suburban,Director,44,Female,89420.74915002346
Diploma,28,Suburban,AI Engineer,49,Male,89200.34296522477
Diploma,4,Suburban,Analyst,37,Male,23110.08733936013
Diploma,26,Rural,Director,63,Male,107200.0069464591
Masters,7,Urban,Director,53,Female,89596.68889473961
Bachelor,20,Rural,Analyst,34,Male,49304.99958358159
Masters,3,Rural,Cloud Engineer,62,Female,52580.756943856606
PhD,19,Suburban,Analyst,62,Male,61101.09401061684
PhD,19,Urban,Director,36,Female,135971.9991300067
Masters,7,Suburban,Analyst,21,Female,38656.638914688294
Diploma,21,Urban,Manager,62,Female,80168.57094303046
Bachelor,12,Urban,Manager,20,Male,80824.44048780105
Bachelor,23,Suburban,Manager,35,Female,105824.08435164944
Bachelor,1,Suburban,Web Developer,36,Male,32096.022956138466
Bachelor,5,Rural,Manager,28,Male,63256.53869643423
Diploma,14,Urban,Analyst,61,Female,32426.5669063503
Bachelor,10,Urban,Software Developer,40,Female,54498.53007437075
Diploma,3,Urban,Analyst,63,Female,23533.103432015643
PhD,2,Urban,Web Developer,45,Male,40894.62547240647
Diploma,13,Urban,Analyst,20,Male,31878.81497611011
PhD,16,Rural,Director,59,Male,132441.0220665876
Bachelor,23,Urban,AI Engineer,22,Female,100032.59317162068
Masters,2,Rural,Director,26,Female,75406.99557649744
PhD,24,Suburban,Director,23,Female,164290.23060645262
PhD,13,Rural,Director,50,Male,115787.09985612171
Diploma,6,Rural,Director,33,Female,64378.94371083158
Masters,7,Rural,Director,40,Male,85878.68338472469
PhD,2,Suburban,Director,31,Female,78340.0958506324
Diploma,11,Urban,Analyst,31,Male,31113.87253578114
Bachelor,7,Rural,Manager,25,Female,69056.50498969949
PhD,7,Suburban,Web Developer,36,Female,48092.00584506539
Bachelor,7,Rural,Analyst,33,Male,35431.68179687418
PhD,7,Rural,Analyst,28,Female,40960.111315938935
PhD,12,Suburban,Analyst,47,Female,46190.98528573589
Masters,19,Rural,Analyst,26,Male,53247.63883208898
PhD,22,Rural,Manager,64,Male,128873.0924095722
Diploma,19,Urban,Manager,62,Male,79570.15396655904
Bachelor,19,Suburban,Software Developer,24,Male,71417.64537564607
Bachelor,20,Rural,AI Engineer,60,Female,85724.6625422104
Bachelor,3,Suburban,Analyst,61,Female,28084.5623201548
PhD,13,Suburban,Software Developer,35,Female,72224.41132384894
Diploma,10,Urban,Director,20,Female,70018.15273614836
PhD,20,Urban,Analyst,59,Male,59778.90425647855
Masters,9,Urban,Software Developer,57,Male,58554.14769755312
Diploma,6,Rural,Cloud Engineer,26,Female,39547.304867459054
PhD,21,Rural,Director,49,Male,147097.86643276186
PhD,22,Rural,Analyst,45,Female,60783.21497647438
Masters,12,Rural,Manager,32,Female,90266.47614320976
PhD,2,Rural,Analyst,20,Female,33255.50769002451
Masters,12,Rural,Manager,48,Female,85610.54721758695
PhD,16,Suburban,Cloud Engineer,27,Female,90398.1277034965
Diploma,13,Suburban,Manager,21,Female,63549.34294931542
Masters,16,Urban,Analyst,64,Female,51945.4587481665
Diploma,13,Rural,Cloud Engineer,27,Male,52143.719291785674
Diploma,22,Suburban,Manager,60,Female,84770.90499062499
Diploma,25,Urban,Manager,46,Female,87187.48436577346
Bachelor,19,Urban,Analyst,60,Male,50002.88905893542
Bachelor,26,Urban,Cloud Engineer,42,Male,88651.10173490384
Masters,14,Urban,Software Developer,34,Male,67810.43294074277
Diploma,29,Suburban,Manager,51,Male,95537.3696363524
Diploma,13,Suburban,Manager,41,Female,68083.92345715988
Bachelor,10,Suburban,Manager,27,Male,73672.25904060161
PhD,22,Urban,Director,56,Male,144325.71609935444
Diploma,7,Urban,Cloud Engineer,36,Male,42854.73026051906
Bachelor,5,Rural,Manager,26,Female,64576.97978552705
Masters,17,Rural,Manager,62,Female,99266.94220518552
Masters,9,Urban,AI Engineer,40,Female,71617.00509532212
PhD,27,Suburban,Director,58,Male,161697.16471989444
Diploma,6,Urban,Software Developer,24,Female,37075.40702439936
Bachelor,16,Rural,Director,36,Female,109662.28530955716
Bachelor,6,Rural,Analyst,54,Male,31456.65850242394
PhD,6,Suburban,Software Developer,34,Male,53885.04833372441
Bachelor,28,Urban,Software Developer,59,Male,84847.24792450262
Bachelor,18,Rural,Analyst,35,Male,49305.51140663582
PhD,1,Suburban,Web Developer,44,Male,36322.330010012345
Masters,17,Rural,Analyst,34,Male,51240.95651150212
PhD,17,Suburban,Director,30,Male,137157.4883786561
PhD,1,Rural,Web Developer,24,Male,38151.403867873276
Masters,11,Rural,Analyst,40,Female,42672.79202846128
Masters,13,Urban,Manager,61,Female,93919.55141226444
PhD,1,Suburban,Director,60,Male,77638.47821924163
Diploma,27,Suburban,Director,31,Male,116976.50975327476
Masters,8,Rural,Manager,49,Female,75932.2396816054
PhD,23,Urban,Manager,23,Male,128988.61915859973
Bachelor,20,Rural,Analyst,64,Male,51456.71188174891
Diploma,6,Rural,Manager,46,Male,49678.626609225954
Bachelor,5,Rural,Software Developer,47,Male,41748.26107724414
Masters,20,Suburban,Analyst,22,Female,52403.669047966636
Diploma,5,Urban,Director,22,Male,60624.64387495073
PhD,6,Rural,Software Developer,43,Female,56561.784718238145
Diploma,29,Rural,Web Developer,48,Male,61331.04866143814
Masters,13,Rural,Director,38,Female,105169.58550353973
Diploma,27,Suburban,AI Engineer,21,Female,85769.47025540184
PhD,18,Rural,Director,24,Male,133925.12975865905
PhD,20,Suburban,Director,56,Female,138906.9573481138
Diploma,13,Suburban,Director,37,Female,76347.97009969792
PhD,7,Suburban,Director,44,Female,95988.8218285487
Diploma,8,Suburban,Analyst,45,Female,26926.801671252906
Diploma,21,Suburban,Software Developer,63,Female,59336.33133523779
Diploma,17,Urban,Manager,32,Male,75963.16973716971
Diploma,1,Suburban,Analyst,54,Male,21729.07244857299
Masters,24,Suburban,Manager,41,Female,116297.52629291987
PhD,16,Rural,Analyst,29,Female,51833.017987434454
Diploma,11,Urban,Cloud Engineer,56,Female,52027.64395761253
PhD,29,Urban,Director,63,Male,183199.89002984558
Masters,4,Rural,Manager,61,Male,68667.43132284824
PhD,4,Suburban,Analyst,26,Male,34563.21078624008
PhD,17,Urban,AI Engineer,37,Female,102514.23941193939
Bachelor,17,Suburban,Web Developer,51,Female,57106.54006631583
Bachelor,10,Rural,Analyst,64,Male,38260.19856490421
Bachelor,21,Urban,Director,26,Male,122259.13752739083
Diploma,21,Suburban,Analyst,36,Female,40264.966385801126
Bachelor,6,Urban,Analyst,50,Male,31669.362964544904
Bachelor,25,Urban,Analyst,48,Male,53753.79921009746
Bachelor,25,Suburban,Director,31,Male,134786.6758364984
PhD,17,Suburban,Manager,52,Female,112825.14281940488
Diploma,18,Urban,Analyst,58,Male,39484.50212882202
PhD,22,Rural,Cloud Engineer,45,Male,104097.95754930563
Bachelor,26,Urban,Manager,58,Female,116036.28658308828
Masters,10,Rural,AI Engineer,49,Male,75537.29036963257
Diploma,13,Urban,Cloud Engineer,22,Female,54306.3333389355
Bachelor,16,Suburban,Analyst,39,Female,44080.41822343236
Masters,7,Rural,Manager,32,Female,70668.98543207017
Diploma,15,Rural,Analyst,38,Female,35444.36910817803
Masters,2,Urban,Web Developer,20,Male,37392.683784594
Diploma,5,Urban,Analyst,61,Male,24545.220534062424
Bachelor,17,Rural,Director,42,Male,114318.01933515123
PhD,5,Suburban,Director,37,Female,90274.45553375622
Masters,8,Rural,Analyst,62,Male,38558.35319705156
Masters,24,Rural,Analyst,24,Female,63241.08805570562
Bachelor,28,Suburban,Analyst,24,Male,57576.50069881232
Diploma,15,Suburban,Analyst,38,Female,34811.17697546525
PhD,8,Urban,Analyst,25,Female,43543.93738446247
Bachelor,23,Urban,Director,34,Female,131381.44350342426
Bachelor,3,Urban,Manager,30,Male,58382.89330634255
PhD,23,Suburban,Analyst,49,Female,62031.32317548874
Diploma,17,Rural,Manager,39,Female,77444.06501941134
Masters,28,Suburban,Analyst,54,Male,66662.68251752185
Masters,16,Urban,Manager,23,Female,96348.41553816678
PhD,16,Rural,Director,28,Female,129343.08429711449
Masters,19,Urban,Software Developer,46,Male,71395.9394336955
PhD,12,Rural,Manager,38,Female,93944.69941830401
PhD,24,Suburban,Director,24,Male,163851.39796907356
PhD,15,Urban,Manager,27,Female,110158.61828558508
Masters,8,Suburban,Director,62,Male,92267.37422632745
Bachelor,27,Suburban,Cloud Engineer,49,Female,96026.606130283
Masters,3,Suburban,Director,55,Male,75634.41076455351
Masters,23,Rural,Analyst,35,Female,59198.1852308643
PhD,18,Suburban,Analyst,23,Female,56664.49054754237
Masters,4,Suburban,Manager,23,Female,62841.777647607174
PhD,8,Rural,Analyst,26,Male,41895.70702562133
PhD,14,Suburban,Analyst,22,Female,50998.29868274283
Masters,28,Suburban,Web Developer,57,Male,79713.57374286093
Masters,17,Suburban,Analyst,44,Male,51731.56711811581
PhD,6,Rural,Analyst,55,Male,39870.304516425545
Diploma,5,Rural,Manager,23,Female,50420.749040249066
Bachelor,22,Urban,Analyst,27,Female,54671.134423299314
Masters,14,Suburban,Analyst,47,Female,46643.27605516076
PhD,6,Rural,Director,22,Male,98228.8197273572
Masters,20,Suburban,Director,27,Female,136388.75353234648
Bachelor,12,Rural,Manager,30,Male,79106.35264008999
Masters,9,Rural,Manager,25,Male,81901.58734037478
Bachelor,1,Rural,Manager,60,Female,54343.79718983944
Diploma,18,Urban,Analyst,42,Male,36791.20648387033
Masters,6,Suburban,Analyst,63,Male,34049.13811801606
Masters,29,Rural,Analyst,21,Male,67324.04089026291
PhD,5,Suburban,Analyst,26,Female,37926.082915484
Diploma,2,Rural,Analyst,48,Male,22256.589313945908
PhD,6,Suburban,Analyst,25,Female,37807.40730774222
Masters,17,Suburban,Director,60,Male,116720.16199453564
PhD,7,Rural,Manager,30,Male,77199.42014251096
Diploma,25,Suburban,Manager,27,Female,89062.61657945428
Diploma,9,Urban,Analyst,49,Male,29252.43861745644
Masters,23,Urban,AI Engineer,56,Male,103505.90723507013
Diploma,20,Suburban,Director,38,Female,91369.72834285148
Masters,5,Suburban,Manager,22,Female,69246.07378331339
PhD,21,Rural,Director,61,Male,149736.90693757602
Masters,11,Rural,Analyst,49,Male,41049.442313246516
Masters,11,Suburban,Director,52,Male,99899.42790734443
PhD,28,Suburban,Manager,45,Male,144092.6002116961
Diploma,4,Suburban,Director,56,Male,58469.48618104625
Diploma,23,Suburban,Director,39,Male,105846.33451465404
Diploma,29,Urban,Web Developer,52,Female,60051.30810844641
Bachelor,6,Suburban,Director,47,Male,79445.92796572422
Masters,27,Rural,Manager,46,Female,127512.10748332842
Diploma,10,Urban,Manager,48,Female,57270.779096029124
Bachelor,9,Suburban,Manager,43,Male,75078.31122517935
Masters,29,Rural,Manager,38,Female,138125.93238436827
PhD,18,Urban,Analyst,25,Male,58045.22152480957
Masters,20,Suburban,AI Engineer,21,Female,100243.30130265596
Masters,9,Suburban,Analyst,41,Male,40572.865747132215
PhD,28,Suburban,Manager,54,Male,137991.7375265534
Bachelor,11,Suburban,Director,21,Female,90618.37471727126
Diploma,2,Urban,Manager,49,Female,42871.05603237999
Diploma,15,Rural,Manager,54,Male,66645.47098327731
Diploma,6,Suburban,Software Developer,34,Female,38137.14790166211
PhD,25,Urban,Web Developer,62,Male,81116.90535569056
PhD,17,Urban,Director,50,Male,134719.9276383914
Diploma,4,Rural,Analyst,29,Female,24940.104504923274
Masters,8,Urban,Manager,47,Female,77934.397529107
Masters,29,Urban,Software Developer,27,Male,96552.47634682972
Diploma,2,Rural,Director,32,Male,51670.817067925556
Diploma,24,Urban,Manager,49,Male,88131.34557550611
PhD,9,Urban,Analyst,56,Male,43532.901526953836
Diploma,1,Rural,Analyst,58,Male,21012.571991440283
Bachelor,24,Urban,Web Developer,48,Male,69145.05674514658
Masters,6,Rural,Analyst,41,Male,34796.53336812298
Diploma,16,Suburban,Director,43,Female,86488.7148578576
Diploma,27,Suburban,Cloud Engineer,57,Male,78360.87055490552
PhD,26,Suburban,Manager,40,Male,143799.60168906554
Bachelor,26,Suburban,Cloud Engineer,33,Male,91541.0733476311
PhD,7,Urban,Director,60,Male,98591.4458996442
Diploma,25,Suburban,Director,61,Female,107508.60214956407
Masters,24,Rural,Analyst,21,Male,58995.07076948982
Bachelor,16,Rural,Manager,28,Female,90785.20191341595
Bachelor,6,Rural,Director,59,Female,79426.8492925843
Bachelor,10,Rural,Analyst,64,Female,38369.93386038331
PhD,18,Suburban,Manager,29,Female,115809.57030223467
Diploma,17,Rural,Manager,37,Female,77342.87065052903
Diploma,17,Suburban,Director,45,Female,93134.55749076295
Diploma,12,Rural,Manager,43,Female,64149.58605161829
Bachelor,15,Rural,Manager,60,Female,85480.77219567551
Bachelor,6,Suburban,Analyst,30,Female,32848.91740463589
Masters,23,Suburban,AI Engineer,46,Male,102193.20658026174
Bachelor,20,Urban,Manager,33,Male,104298.7993462639
Diploma,16,Urban,Analyst,51,Female,37562.602774859035
Diploma,23,Urban,Analyst,41,Female,45113.02155457275
Bachelor,14,Rural,Analyst,53,Female,44120.72259109816
Masters,12,Rural,Director,21,Male,105565.71596715816
Bachelor,12,Rural,Director,52,Male,97955.60144043385
Bachelor,2,Urban,Web Developer,63,Female,33253.37258904822
PhD,8,Urban,Director,26,Female,104906.51879153553
Bachelor,24,Urban,Analyst,54,Male,56434.10162059194
Diploma,27,Rural,Analyst,50,Female,48625.48982269388
Diploma,17,Suburban,Web Developer,46,Male,45610.97953736877
Diploma,8,Urban,Analyst,58,Male,28282.13586062403
PhD,16,Suburban,Director,56,Female,128752.74057165314
PhD,23,Rural,Analyst,37,Male,63592.94107183556
Bachelor,1,Urban,AI Engineer,32,Male,46630.297183526665
Masters,5,Rural,Web Developer,59,Male,40669.1800885449
Bachelor,19,Suburban,Web Developer,45,Male,60784.78631136316
PhD,24,Rural,Manager,20,Female,131444.90850996049
Bachelor,22,Rural,Director,58,Male,132247.88767380462
PhD,3,Urban,Cloud Engineer,50,Female,52525.63464073838
Diploma,9,Suburban,Manager,61,Male,55335.22758333925
Diploma,11,Urban,Director,56,Female,72417.94189649074
PhD,6,Rural,Manager,58,Male,80851.70496622738
Bachelor,7,Rural,Director,48,Male,83445.82577132295
Masters,7,Suburban,Director,62,Male,92503.08356794744
Diploma,5,Rural,Director,43,Female,62092.71950812754
Masters,2,Urban,Software Developer,35,Female,43931.01412071782
PhD,22,Suburban,Director,58,Male,146270.0205838386
PhD,28,Rural,Manager,58,Female,141163.1103098033
Masters,5,Urban,Analyst,42,Male,35450.285142738874
PhD,6,Urban,Analyst,27,Male,37979.40120224534
Bachelor,6,Suburban,Director,57,Male,80491.89935309588
Bachelor,7,Rural,Software Developer,22,Male,48256.93129622923
Bachelor,4,Urban,Director,33,Female,73754.21455615309
PhD,25,Suburban,Manager,40,Male,141120.21822172593
Masters,18,Urban,Analyst,49,Female,54169.06253985522
Diploma,16,Rural,Manager,52,Male,72925.26810143025
Diploma,21,Urban,Manager,39,Male,80834.82858985622
Bachelor,19,Rural,Analyst,64,Female,49179.278607890934
Diploma,10,Urban,Software Developer,64,Female,40716.72633848067
PhD,24,Rural,Manager,42,Female,132690.15637415487
Masters,5,Urban,Analyst,42,Male,33631.92295388923
PhD,18,Urban,Software Developer,64,Male,82114.58100369641
PhD,25,Suburban,Manager,57,Male,140965.59261760564
Masters,3,Rural,Manager,54,Female,60174.982936220425
Diploma,20,Urban,Manager,58,Male,80021.59962687719
Masters,4,Suburban,Manager,41,Female,67788.50367452174
PhD,14,Urban,Director,48,Male,120905.47394214009
Masters,12,Suburban,AI Engineer,54,Female,78924.38637239204
Masters,14,Urban,Manager,21,Male,97333.01970240133
Bachelor,5,Suburban,Analyst,37,Male,31112.912420266606
Bachelor,18,Rural,Director,54,Female,112359.49979050552
PhD,27,Urban,Analyst,63,Male,67077.18725776006
PhD,7,Rural,Analyst,33,Male,39493.43697959677
Diploma,16,Rural,Web Developer,37,Female,44059.549379637654
PhD,3,Suburban,Analyst,51,Male,35325.30618760843
Diploma,22,Rural,Director,41,Female,103562.4524377222
Diploma,21,Suburban,Manager,54,Female,84378.29252105326
Masters,11,Suburban,Manager,21,Male,85448.77228018551
Masters,27,Suburban,Analyst,25,Male,66707.53371813084
PhD,26,Suburban,Software Developer,58,Female,95368.52476222777
Bachelor,18,Suburban,Web Developer,51,Female,59176.16000217874
Bachelor,6,Urban,Manager,48,Male,63262.41808881792
Diploma,26,Urban,Manager,58,Male,95220.23254907783
PhD,21,Rural,Analyst,24,Male,62349.00859193797
Diploma,22,Urban,Cloud Engineer,57,Female,70462.3695928189
Masters,24,Suburban,Analyst,27,Female,60549.043996693115
PhD,5,Suburban,Manager,23,Female,72518.15817657846
PhD,5,Urban,Manager,41,Male,78317.78402833786
Bachelor,16,Rural,Analyst,41,Female,45321.41839057922
PhD,3,Rural,Cloud Engineer,46,Male,55541.824134001356
Bachelor,12,Urban,Manager,22,Male,79952.54612112875
PhD,3,Suburban,Manager,48,Male,69088.43846615536
Masters,2,Suburban,Web Developer,52,Male,36617.35363028025
Diploma,15,Rural,Manager,57,Female,71917.812449534
Bachelor,20,Urban,Software Developer,53,Male,71318.57761894401
Bachelor,17,Suburban,Web Developer,55,Female,53852.51629898741
PhD,12,Rural,Manager,52,Female,100530.97879516114
PhD,2,Rural,Analyst,59,Male,33890.15983564964
PhD,26,Urban,Manager,37,Female,142047.3624526127
Bachelor,2,Rural,Manager,29,Female,55853.1923348353
Bachelor,14,Suburban,Manager,55,Male,82152.3685658235
Bachelor,7,Rural,Director,64,Female,81819.10184969453
PhD,26,Rural,Manager,42,Male,137804.27370774845
PhD,25,Rural,Analyst,25,Male,70701.67713691665
Masters,14,Urban,Analyst,42,Male,48989.680650576236
Masters,7,Suburban,Analyst,29,Female,38662.94418184366
Masters,20,Rural,AI Engineer,21,Male,96526.2967514373
Diploma,17,Urban,Director,63,Female,92007.26663478803
PhD,24,Rural,Director,25,Female,160079.56483829473
PhD,27,Suburban,Analyst,62,Female,72623.70926972361
Bachelor,4,Rural,Director,24,Female,72364.76138048858
Masters,27,Urban,AI Engineer,27,Male,112556.30146375998
PhD,15,Rural,Manager,39,Male,103470.4009743111
Bachelor,27,Rural,Analyst,58,Female,61154.237376873345
PhD,3,Rural,Director,33,Female,80788.96239360941
PhD,6,Urban,Analyst,31,Male,38068.23103191248
Bachelor,26,Rural,Analyst,43,Female,60227.13070494957
Bachelor,8,Rural,Analyst,58,Male,35160.33771931929
Bachelor,16,Urban,Analyst,31,Male,44906.25756851336
Diploma,15,Urban,Manager,60,Female,71861.56950129557
Masters,4,Suburban,Analyst,51,Female,33135.93212212672
Masters,21,Urban,Director,23,Male,128561.15893369168
Diploma,8,Rural,Director,22,Male,64376.32656805572
Bachelor,23,Rural,Web Developer,27,Female,66166.11465909197
Bachelor,8,Urban,Software Developer,22,Male,49630.679825463834
Diploma,20,Suburban,Director,45,Female,95493.28397007077
PhD,7,Urban,Analyst,25,Male,40244.629214317945
Diploma,26,Suburban,Director,36,Male,112033.18934885945
Diploma,20,Urban,Cloud Engineer,28,Female,61387.57744877375
PhD,24,Suburban,Analyst,37,Male,65160.65432658897
Masters,18,Suburban,Director,48,Female,122522.38540240868
Bachelor,12,Rural,Manager,34,Male,79577.97443136817
Masters,4,Suburban,Director,26,Female,81271.94365494422
Bachelor,14,Rural,Software Developer,33,Female,59372.586505449246
Masters,27,Urban,Director,48,Female,155842.77224128396
Diploma,24,Urban,Analyst,23,Female,42898.424901015205
Masters,25,Urban,Director,64,Male,152159.3415047144
Diploma,28,Urban,Web Developer,58,Male,56614.6788868053
Bachelor,29,Urban,Director,24,Male,153089.85982495916
Bachelor,25,Rural,Analyst,20,Male,57075.98503361446
Bachelor,5,Urban,Director,31,Male,75009.38787885576
Diploma,22,Suburban,Web Developer,58,Male,48379.86156406417
PhD,20,Rural,Manager,26,Male,117291.48050271774
Diploma,23,Suburban,Director,40,Male,106195.81195127683
PhD,26,Rural,Director,26,Male,158478.31588156027
Diploma,7,Suburban,Cloud Engineer,36,Male,44094.80496612181
Diploma,12,Rural,Software Developer,20,Male,45047.207832071676
Diploma,15,Urban,Director,23,Male,81695.11937765616
Diploma,19,Rural,Software Developer,25,Male,53755.730543401114
Bachelor,26,Rural,Web Developer,59,Male,66871.88236509077
PhD,13,Suburban,Analyst,36,Male,49380.92927908153
PhD,4,Rural,Director,45,Female,86347.2825284074
Diploma,6,Rural,Director,50,Male,59660.863514203455
PhD,8,Urban,Manager,47,Male,82078.9722619942
Masters,15,Suburban,Manager,31,Female,92021.66673740589
Masters,12,Rural,Web Developer,60,Male,54233.98526033664
Bachelor,10,Suburban,Software Developer,20,Male,54587.01326650964
Bachelor,12,Rural,Director,53,Male,95522.39157061196
Bachelor,17,Rural,Manager,45,Female,96704.67788919348
Masters,29,Suburban,Director,34,Male,161960.1851707799
Bachelor,28,Urban,Director,54,Male,146520.90359552827
Bachelor,8,Rural,Director,60,Male,84871.40564662064
Diploma,28,Rural,Manager,63,Female,99268.53207634052
Bachelor,2,Rural,Director,58,Female,66680.86784964423
Masters,19,Suburban,Manager,39,Male,105659.17282237546
Bachelor,22,Urban,Manager,62,Male,104905.10487470523
Bachelor,29,Rural,Web Developer,54,Male,72326.32367733963
Diploma,1,Rural,Director,58,Female,51549.880073092565
Diploma,22,Rural,Manager,41,Male,85736.1155582777
Bachelor,25,Suburban,Cloud Engineer,40,Female,92188.74259819083
Bachelor,10,Suburban,Cloud Engineer,46,Female,61379.21774343798
Masters,9,Suburban,Manager,55,Male,76390.06730187434
PhD,19,Suburban,Analyst,47,Male,60565.926144206824
PhD,12,Urban,AI Engineer,23,Female,89840.35170029382
Bachelor,29,Suburban,Manager,45,Male,119827.23236158137
PhD,22,Suburban,Software Developer,27,Male,86022.48169016014
PhD,20,Rural,Analyst,24,Male,61630.46187460511
PhD,18,Suburban,Director,24,Male,141190.22882148696
Masters,24,Urban,Manager,29,Male,122692.44385490379
Masters,16,Urban,Director,24,Female,117771.78508051534
Bachelor,4,Rural,Web Developer,53,Female,36980.47887234429
Masters,11,Urban,Analyst,30,Female,42921.63842080359
PhD,25,Suburban,Analyst,43,Female,64486.30857785488
Masters,22,Suburban,Web Developer,52,Male,70609.45845520838
Diploma,29,Urban,Manager,33,Female,96747.06323606981
PhD,27,Urban,Manager,41,Male,134640.82093258173
PhD,22,Suburban,Web Developer,48,Male,77305.68104311524
Bachelor,15,Rural,Analyst,43,Female,42469.05281439506
Bachelor,16,Suburban,Director,25,Female,113262.3658546672
Bachelor,2,Rural,Analyst,22,Female,27501.52922930027
Masters,13,Rural,Analyst,20,Female,43523.49206617609
Bachelor,12,Urban,Analyst,29,Female,38465.59598027212
Bachelor,26,Rural,Web Developer,27,Male,71291.0420906332
Bachelor,8,Suburban,Director,49,Female,82420.79423133565
Masters,12,Suburban,Analyst,41,Male,45371.76615208735
Diploma,27,Urban,Software Developer,36,Male,68365.3506712266
PhD,14,Rural,Manager,34,Male,99982.95162530556
Bachelor,3,Suburban,Manager,39,Female,57386.458304273576
Diploma,2,Rural,Analyst,57,Male,22559.265319583723
PhD,17,Suburban,Analyst,46,Male,56274.69540660772
Bachelor,2,Suburban,Director,32,Female,67967.20384792573
Bachelor,17,Suburban,Analyst,35,Male,48437.42991663204
Masters,2,Suburban,Manager,39,Female,62893.46462175781
Diploma,2,Urban,AI Engineer,38,Male,38747.73728286566
Masters,13,Urban,Cloud Engineer,62,Female,70612.02646573505
PhD,7,Rural,Director,22,Female,99459.03387504898
Diploma,9,Rural,AI Engineer,36,Female,54217.287693452956
Masters,9,Urban,Director,31,Male,94497.67369034154
Diploma,14,Suburban,Analyst,55,Male,35691.594745392
Masters,11,Rural,Cloud Engineer,29,Female,65685.45244585298
Diploma,20,Rural,Director,29,Female,96389.37947150046
Diploma,19,Urban,Director,50,Male,94634.26960024104
PhD,1,Rural,Analyst,42,Female,29937.656952291498
PhD,24,Urban,Manager,62,Female,135844.68010737334
PhD,5,Suburban,Web Developer,40,Male,44854.15087377112
Diploma,23,Rural,Analyst,61,Male,44407.127253111525
Diploma,1,Suburban,Web Developer,39,Male,26421.33503958807
PhD,6,Suburban,Manager,24,Male,76100.67209687878
Bachelor,16,Urban,Web Developer,35,Male,53641.886715281675
PhD,20,Suburban,Director,53,Female,145451.83852010075
Masters,16,Urban,Software Developer,20,Female,67535.43012593464
PhD,20,Urban,Director,35,Female,143785.12836383868
Diploma,26,Rural,Manager,33,Female,91591.19293023649
PhD,13,Suburban,Director,29,Female,121602.70839652361
Diploma,14,Urban,Analyst,62,Female,32739.4637688125
PhD,11,Rural,Director,30,Female,109247.328939844
PhD,21,Urban,Director,59,Female,146836.77043653876
Bachelor,10,Suburban,Analyst,54,Female,36893.394524246614
Masters,17,Suburban,Director,59,Male,121558.28285971138
Bachelor,7,Rural,Director,64,Female,84642.21054018514
Diploma,22,Rural,Analyst,64,Female,42110.857164795874
Diploma,4,Rural,Director,62,Male,60167.28170470732
PhD,17,Rural,Director,21,Female,131157.63336073517
Diploma,1,Rural,AI Engineer,28,Female,36615.386901157945
PhD,2,Suburban,Software Developer,20,Male,47142.24132610596
Diploma,19,Rural,Director,31,Male,95610.89629447626
Diploma,1,Rural,Analyst,46,Male,21076.788961328093
Bachelor,12,Rural,Analyst,50,Male,39121.61970746359
Diploma,28,Rural,AI Engineer,63,Male,90024.79765329997
Masters,19,Suburban,Analyst,62,Male,51754.86821082446
Masters,19,Suburban,Analyst,39,Female,51805.006588432414
Masters,26,Urban,AI Engineer,41,Female,116616.75973933717
Diploma,23,Rural,Manager,21,Female,90219.99537182269
Diploma,16,Rural,AI Engineer,38,Female,62665.94393099147
Masters,16,Suburban,Analyst,48,Female,51042.53666441587
Diploma,29,Suburban,Director,31,Female,122135.76858627996
Masters,8,Suburban,Analyst,59,Male,38346.35499498498
PhD,28,Rural,Director,29,Female,173621.5219871219
Masters,25,Urban,Director,44,Male,144276.1406963299
PhD,26,Urban,Director,24,Male,166820.88408339262
PhD,27,Suburban,Manager,46,Female,139764.48511395665
Diploma,25,Suburban,Manager,63,Male,85516.59205950239
Bachelor,13,Suburban,Web Developer,41,Male,49634.70069938473
Bachelor,14,Suburban,Manager,34,Male,80903.41328337826
Bachelor,19,Urban,Director,49,Female,117154.8438828521
Diploma,15,Urban,Analyst,21,Female,33599.153739510584
Diploma,15,Suburban,Analyst,34,Male,34347.351773917806
PhD,21,Urban,Director,20,Female,144803.5174592411
PhD,8,Suburban,Analyst,35,Female,39997.71235487104
Bachelor,24,Urban,Analyst,53,Male,56888.955242012096
PhD,13,Rural,Manager,52,Female,103802.45710659755
Diploma,12,Rural,Director,57,Male,78787.83447838694
PhD,22,Urban,Analyst,25,Female,64392.46492566053
Diploma,28,Suburban,Analyst,50,Female,49467.518008485895
Bachelor,13,Urban,Analyst,61,Male,43107.043835724566
Masters,16,Suburban,Director,29,Male,122897.98037218703
Masters,24,Suburban,Director,27,Male,146235.6496628458
Diploma,12,Suburban,Web Developer,50,Female,39054.656850737185
Masters,14,Suburban,Software Developer,41,Male,63759.81465014338
Bachelor,15,Urban,Analyst,50,Female,43185.56663903631
PhD,19,Urban,Manager,61,Female,119623.20377954231
PhD,5,Rural,Manager,28,Female,77425.70642073234
PhD,29,Suburban,Director,21,Female,184137.30627860638
Bachelor,2,Rural,Director,41,Male,64509.70148076214
Masters,18,Urban,Web Developer,28,Male,63732.35398263689
Bachelor,18,Urban,AI Engineer,20,Male,84791.46851286567
Masters,24,Suburban,Director,47,Male,141257.57079282633
PhD,26,Urban,Manager,45,Female,134401.75344689089
Masters,17,Suburban,Web Developer,49,Male,58085.16486278195
Bachelor,10,Rural,AI Engineer,27,Male,69094.41008060926
Masters,27,Suburban,Analyst,46,Female,66907.42077860475
PhD,17,Urban,Manager,51,Male,107104.04161859039
PhD,3,Urban,Analyst,34,Male,33107.88094720522
Diploma,16,Urban,Software Developer,39,Male,50018.33433852058
Diploma,18,Rural,Software Developer,28,Female,54309.16880044962
Masters,21,Suburban,Cloud Engineer,59,Male,87679.76919418256
Bachelor,7,Rural,Software Developer,49,Male,46409.600778607855
PhD,1,Urban,Director,43,Male,79062.30300488423
Bachelor,7,Suburban,Manager,33,Female,70846.40049510042
Masters,13,Rural,Manager,60,Female,91616.79554462685
Masters,23,Suburban,Manager,21,Male,113834.6622977984
Bachelor,16,Urban,Manager,45,Male,86192.74239928991
Diploma,11,Rural,Analyst,44,Female,30959.79853676584
Masters,3,Suburban,Analyst,50,Male,30492.415831937236
PhD,9,Suburban,Analyst,61,Male,41505.20521434565
Diploma,7,Urban,AI Engineer,36,Female,50757.877391631824
Masters,23,Urban,Director,31,Male,135294.3059226989
Diploma,22,Urban,Manager,59,Male,82577.83758524021
PhD,3,Rural,Director,27,Male,81534.66927856798
Masters,22,Rural,Manager,58,Male,114476.30762673664
Bachelor,1,Suburban,Manager,41,Female,54694.01245029378
Masters,11,Suburban,Analyst,44,Male,43831.98423948996
Bachelor,13,Rural,Software Developer,57,Male,57446.57292532657
Diploma,4,Suburban,Software Developer,63,Female,32109.224150446164
Bachelor,10,Rural,Director,56,Male,92894.02101157205
Bachelor,26,Suburban,Web Developer,52,Female,70485.7011177808
Masters,8,Rural,Analyst,29,Male,40184.69348832024
Masters,28,Suburban,Manager,60,Male,133967.29361747563
PhD,28,Suburban,Director,36,Male,178519.28359528605
Diploma,17,Rural,Analyst,55,Female,36810.29812695709
Bachelor,11,Urban,Manager,23,Male,78530.32780675183
Diploma,5,Rural,Cloud Engineer,59,Female,39583.39121778685
PhD,18,Rural,Director,57,Male,141854.27014880482
Diploma,4,Urban,Director,23,Male,55451.12951799757
Diploma,6,Suburban,Manager,60,Male,51610.11215487559
Masters,24,Urban,Software Developer,55,Female,87606.04945233894
Diploma,7,Urban,Director,21,Male,62393.122900478695
PhD,28,Urban,AI Engineer,23,Female,126812.70282927544
Bachelor,12,Suburban,Web Developer,31,Male,49815.29842525636
Diploma,3,Rural,Manager,23,Female,46432.80540894341
PhD,29,Urban,Analyst,32,Male,76518.2808253151
Masters,8,Suburban,Software Developer,52,Male,53468.04848601186
Bachelor,20,Suburban,Director,59,Female,123848.554355426
PhD,21,Rural,Director,20,Male,150728.25828055796
Diploma,10,Rural,Director,43,Female,75166.49866547149
Bachelor,24,Urban,Director,27,Male,131232.22835525672
Masters,1,Suburban,Manager,21,Male,54992.75727409287
Diploma,17,Rural,AI Engineer,54,Female,64289.70785747682
Diploma,18,Urban,Manager,33,Female,74911.68580724318
Diploma,9,Suburban,Analyst,50,Male,29475.49385283729
Masters,20,Suburban,Web Developer,41,Female,63328.93573885183
Bachelor,22,Rural,Cloud Engineer,37,Male,80593.26383657691
PhD,27,Suburban,AI Engineer,43,Female,130970.03751574302
Diploma,16,Suburban,Analyst,55,Male,37350.394777363086
Diploma,17,Rural,Manager,53,Male,76198.02700702903
Diploma,18,Suburban,Web Developer,26,Male,44721.32908481438
Diploma,11,Suburban,Software Developer,44,Female,41742.6173916274
Bachelor,18,Urban,Director,54,Female,112250.93951874012
PhD,4,Suburban,Analyst,60,Female,35396.80573698343
Masters,8,Rural,Director,58,Female,92651.75406532286
Masters,10,Suburban,Director,29,Female,96140.6124368399
Bachelor,4,Rural,Manager,44,Male,61547.031997490456
Diploma,8,Rural,Director,49,Female,65700.81482304425
Bachelor,17,Suburban,Analyst,25,Female,46950.194626102566
Bachelor,3,Rural,Analyst,45,Female,28869.291808037862
Bachelor,5,Urban,AI Engineer,24,Female,56046.749122914225
PhD,27,Rural,Manager,58,Female,143528.65550663485
PhD,5,Urban,AI Engineer,20,Female,67986.21660159137
Bachelor,7,Rural,Director,34,Female,84232.05040124837
Bachelor,1,Suburban,Cloud Engineer,29,Female,40053.10075137642
PhD,18,Rural,Analyst,56,Female,57685.19834581225
Bachelor,24,Rural,Analyst,48,Female,54696.742500283486
PhD,23,Rural,Director,35,Female,147938.99687233774
PhD,22,Urban,Cloud Engineer,22,Male,104505.99827164283
Masters,6,Urban,Analyst,56,Male,36426.84640755028
Masters,24,Urban,Analyst,27,Female,60977.10499449092
PhD,28,Urban,Manager,37,Female,144241.50869371346
Bachelor,20,Urban,Cloud Engineer,51,Male,83185.03382831505
Bachelor,15,Suburban,Cloud Engineer,63,Female,71515.6207409499
Bachelor,28,Rural,Manager,61,Female,115471.83323569344
Masters,23,Rural,Analyst,35,Male,57268.22883433845
Diploma,9,Suburban,Manager,48,Male,55614.85153889186
PhD,25,Suburban,Manager,62,Male,134127.8617178697
Diploma,29,Suburban,Manager,51,Female,102326.08906932682
Diploma,3,Suburban,Analyst,42,Female,23856.819710473905
Bachelor,27,Urban,Director,43,Male,139790.653658185
Diploma,18,Rural,Director,24,Female,92501.12212975629
Bachelor,29,Suburban,Director,20,Female,151684.47654516576
Diploma,16,Suburban,Manager,37,Female,68762.16159487021
PhD,17,Rural,Director,26,Female,128843.06214167153
Masters,9,Suburban,Software Developer,24,Female,54902.853056714535
Masters,28,Urban,Director,31,Male,160633.00260520237
Bachelor,24,Urban,Analyst,52,Male,56273.01729612464
Diploma,13,Urban,Manager,36,Male,63893.96792888628
Diploma,8,Suburban,Manager,22,Male,54453.92242521737
Diploma,13,Rural,Director,30,Male,78872.303075271
Diploma,1,Suburban,Manager,59,Male,40390.59098014901
Diploma,21,Rural,Manager,58,Male,81359.7117597474
PhD,12,Urban,Manager,59,Male,93727.26547564995
Masters,12,Urban,Manager,20,Male,88481.44892660104
Bachelor,9,Rural,Cloud Engineer,29,Female,57495.80360735813
Diploma,1,Suburban,Analyst,31,Male,20921.054611887277
Masters,21,Suburban,AI Engineer,64,Female,98896.97255931141
PhD,14,Suburban,Director,37,Female,117945.98770844146
PhD,29,Urban,Director,56,Male,167878.50729606522
PhD,14,Suburban,Manager,61,Male,98299.92624392008
PhD,6,Rural,Manager,25,Male,74213.75781565586
Diploma,16,Suburban,Director,61,Male,84241.61028204812
Masters,8,Suburban,Manager,58,Female,77845.691492285
Bachelor,19,Rural,AI Engineer,56,Male,91456.24697790122
Diploma,5,Rural,Manager,24,Female,48335.81050383713
PhD,15,Urban,Web Developer,31,Male,65665.74654256238
PhD,13,Urban,Analyst,59,Male,50805.336217229575
PhD,26,Suburban,Software Developer,49,Female,96048.51336433754
PhD,24,Suburban,Director,63,Male,158380.4316192588
Diploma,6,Urban,Director,31,Female,61790.82834679134
Masters,17,Suburban,Director,62,Female,118460.42313615126
Bachelor,5,Suburban,Software Developer,52,Female,44124.18745736077
Masters,10,Rural,Analyst,21,Female,41753.57838920492
Masters,5,Suburban,Director,64,Female,79293.73242690087
Bachelor,17,Rural,Manager,54,Female,94513.40446001284
PhD,19,Urban,Cloud Engineer,62,Female,97732.93387353983
PhD,6,Suburban,Analyst,62,Female,40856.35248914243
Diploma,22,Rural,Cloud Engineer,64,Male,69979.19765767631
Diploma,15,Rural,Cloud Engineer,30,Female,58555.8469642045
Masters,4,Rural,Analyst,62,Female,32784.45948667773
Bachelor,17,Rural,Cloud Engineer,60,Male,73293.83976177238
Bachelor,1,Suburban,Director,59,Female,63695.18249608604
Diploma,18,Urban,Analyst,35,Female,39540.15486438279
PhD,26,Rural,Cloud Engineer,46,Female,111741.49126985551
Diploma,10,Urban,Manager,61,Female,58587.757982094365
Masters,19,Rural,Analyst,60,Female,51859.63256423836
Diploma,2,Rural,Manager,64,Male,42517.10874519804
PhD,17,Rural,Web Developer,36,Female,65016.218245627904
Bachelor,18,Urban,Manager,63,Male,95016.35857225615
Masters,13,Urban,Analyst,48,Female,45117.77040994072
PhD,7,Urban,Software Developer,20,Male,57418.54926937371
Masters,29,Suburban,Analyst,64,Female,67046.46229143618
Bachelor,20,Urban,Web Developer,22,Male,57464.83667884273
Diploma,5,Suburban,Director,42,Male,62978.96623634474
Diploma,4,Suburban,Director,44,Male,58158.15178026906
Bachelor,7,Urban,Director,64,Female,80951.45619693313
Diploma,5,Rural,Manager,39,Male,52319.58582946744
Diploma,19,Rural,Manager,50,Male,75905.88010033712
Masters,20,Suburban,Director,33,Male,128736.89735693425
Diploma,7,Rural,Analyst,27,Female,26985.48455564782
Diploma,13,Rural,Analyst,39,Male,32128.010981220366
Bachelor,4,Suburban,AI Engineer,55,Male,52735.51979376005
PhD,15,Urban,Analyst,49,Female,50929.15730521723
Bachelor,20,Suburban,Analyst,40,Male,51917.06292285133
Bachelor,29,Urban,Manager,28,Female,119458.81076626127
Bachelor,25,Urban,Analyst,30,Female,56933.16678614055
Bachelor,18,Suburban,Analyst,61,Female,49071.09457592787
PhD,4,Rural,Cloud Engineer,54,Male,56423.5280250836
Bachelor,28,Urban,Director,31,Female,148821.707719306
Masters,4,Suburban,Director,28,Male,76713.58684606166
Diploma,2,Suburban,Manager,41,Female,44394.49149674439
Masters,22,Suburban,Manager,24,Male,116346.89291640227
Diploma,20,Urban,Web Developer,27,Female,45945.045974186134
PhD,23,Rural,Manager,41,Male,128042.43926526998
PhD,28,Rural,AI Engineer,42,Male,125750.38701529113
Bachelor,5,Suburban,Director,26,Female,75820.49352571051
PhD,25,Urban,Director,39,Male,161435.05089234927
Diploma,22,Rural,Web Developer,63,Male,50310.380835385105
PhD,8,Suburban,Director,26,Male,100346.63914760674
Masters,11,Rural,Analyst,52,Female,43289.23294610028
Diploma,11,Rural,Analyst,57,Female,31023.76735024067
PhD,18,Urban,Director,42,Female,133236.07005850214
PhD,27,Suburban,Software Developer,61,Male,98622.85247357811
PhD,25,Rural,Analyst,41,Female,69140.86532489429
Diploma,19,Rural,Analyst,31,Female,37498.13549271993
Bachelor,17,Urban,Director,63,Female,108888.88842929633
PhD,1,Urban,Manager,23,Female,62696.60905360908
PhD,5,Rural,Manager,52,Female,78516.1290822752
Masters,3,Urban,Director,49,Male,77280.77767484219
Bachelor,28,Urban,Director,41,Female,149509.8988748002
PhD,14,Suburban,Analyst,37,Female,51158.15010300916
PhD,2,Suburban,AI Engineer,25,Male,61805.019911696254
Bachelor,28,Rural,Software Developer,47,Female,84202.5300147188
Bachelor,3,Rural,Analyst,21,Male,27698.041522291973
Diploma,3,Rural,Analyst,53,Male,24068.019551091616
Diploma,20,Urban,Web Developer,60,Female,47260.88855930003
PhD,21,Suburban,Manager,63,Female,117185.44380076589
Masters,27,Rural,Manager,59,Male,132906.83707316723
Diploma,13,Suburban,AI Engineer,63,Male,58130.1397530515
Diploma,8,Urban,Director,57,Female,65068.66208736602
PhD,22,Suburban,Director,50,Male,144884.70163875597
Masters,14,Urban,Analyst,38,Male,45120.089494721375
Bachelor,18,Rural,Manager,35,Male,97509.16982927363
Masters,27,Urban,Director,60,Male,161079.42397298192
PhD,20,Urban,Director,49,Male,137114.18747280445
Masters,13,Urban,Director,24,Male,113385.21646315933
PhD,18,Urban,Cloud Engineer,62,Male,89236.5508263254
PhD,1,Rural,Analyst,40,Male,31492.535802505627
Diploma,2,Suburban,Analyst,36,Male,22795.327808436763
PhD,5,Rural,Manager,41,Female,76340.89580433928
Masters,11,Rural,Director,22,Female,99976.66079785753
Masters,11,Urban,Analyst,40,Male,42338.56247152998
Diploma,1,Rural,AI Engineer,44,Male,37322.61164176002
PhD,29,Urban,Software Developer,63,Female,99398.58726048352
Masters,27,Suburban,Software Developer,40,Female,89668.50634015103
Bachelor,3,Urban,Director,35,Male,67700.58027378841
Diploma,29,Suburban,AI Engineer,53,Female,85644.4657822487
PhD,2,Rural,Director,44,Male,77585.7054459205
Bachelor,14,Urban,Analyst,44,Male,41561.88511074481
Masters,20,Suburban,Software Developer,60,Male,75895.97717611499
Bachelor,16,Rural,Director,47,Male,106307.09638511868
Bachelor,18,Suburban,Manager,23,Female,96575.10387866248
Diploma,5,Urban,Analyst,39,Male,24144.69407677418
Bachelor,8,Suburban,Analyst,32,Male,34660.70372596583
Bachelor,22,Suburban,Director,64,Female,131249.45289604226
PhD,7,Suburban,Director,30,Male,99162.4355947792
Bachelor,10,Rural,Analyst,29,Male,36622.6587003677
PhD,16,Suburban,Director,48,Male,135850.23798191015
Masters,19,Suburban,Web Developer,51,Male,67489.44942477
Diploma,22,Suburban,Director,43,Female,96398.60200707993
Bachelor,29,Suburban,Analyst,33,Male,63501.91403311631
Bachelor,11,Urban,Cloud Engineer,25,Male,59698.62364967662
PhD,19,Urban,Director,60,Female,139949.20638473477
PhD,3,Rural,AI Engineer,27,Male,61182.86042002506
Diploma,18,Suburban,Director,61,Male,87863.89504785078
Bachelor,4,Rural,Analyst,36,Male,31463.26421077224
Masters,25,Suburban,Analyst,59,Female,60313.120683970934
Diploma,20,Urban,Software Developer,55,Female,54628.703291855265
Bachelor,17,Suburban,Analyst,62,Female,48382.4839261621
Masters,24,Rural,Analyst,48,Male,62461.96016682091
Bachelor,13,Suburban,Cloud Engineer,37,Female,66977.66002971354
Masters,4,Urban,AI Engineer,57,Female,61521.38095930092
Bachelor,14,Rural,Analyst,21,Male,40496.752692304406
PhD,25,Suburban,Cloud Engineer,37,Female,108706.08051853222
Masters,3,Urban,AI Engineer,50,Male,54519.64439547746
PhD,21,Suburban,Director,54,Male,145489.34171007914
Bachelor,4,Urban,Manager,23,Male,61869.526406246594
Masters,18,Rural,Analyst,53,Male,51777.963390829565
PhD,13,Rural,Analyst,63,Male,49045.52398830405
Masters,7,Suburban,Director,45,Female,92566.70374272253
Masters,11,Urban,Analyst,21,Male,43176.66303098552
Masters,11,Rural,Analyst,54,Male,42339.57031975081
Diploma,6,Suburban,Analyst,59,Male,24959.513290317504
PhD,11,Suburban,AI Engineer,60,Female,82714.96205995324
Masters,9,Suburban,Analyst,38,Female,39641.04289553763
Masters,16,Urban,Analyst,61,Female,47859.988295454656
PhD,28,Suburban,Manager,41,Female,137541.39661624155
Masters,5,Urban,Director,48,Male,83595.39830274308
Masters,20,Suburban,Director,21,Male,127022.94918923712
Diploma,23,Urban,Web Developer,61,Male,53237.20230006705
Bachelor,6,Suburban,Analyst,58,Female,31785.49849886123
Diploma,4,Suburban,Analyst,32,Male,23156.167898871026
PhD,8,Urban,Analyst,35,Male,43578.669799514864
Masters,25,Rural,Analyst,48,Male,63388.0886311551
Diploma,25,Rural,Web Developer,45,Female,54526.28437138952
Diploma,16,Rural,Manager,42,Female,72397.6875941393
Masters,16,Urban,Director,47,Male,114439.91900230487
PhD,11,Rural,Manager,33,Female,96526.5631423108
Bachelor,20,Suburban,Analyst,53,Female,49985.86571967268
PhD,14,Urban,Manager,34,Male,106424.91392779868
Masters,8,Rural,Manager,28,Female,77734.72927402123
Masters,25,Suburban,Director,24,Male,146508.4274436984
Bachelor,6,Suburban,Manager,41,Female,64609.28597068673
Bachelor,8,Urban,Manager,48,Female,67045.02348262099
Masters,19,Rural,Manager,42,Female,105794.41395607385
PhD,8,Suburban,Cloud Engineer,34,Male,68571.9134959613
Bachelor,29,Rural,Software Developer,20,Female,82402.02377257982
Masters,25,Suburban,Web Developer,57,Male,71762.23818157952
Bachelor,1,Suburban,Manager,29,Male,52528.82621148484
PhD,13,Urban,Software Developer,53,Female,70760.36756600445
Masters,8,Rural,Manager,60,Female,74946.38411819514
PhD,21,Suburban,Manager,60,Male,125379.27379983278
Diploma,9,Rural,Cloud Engineer,27,Female,48009.972864859235
Bachelor,16,Rural,Analyst,46,Male,45336.31539343156
Bachelor,21,Rural,Manager,49,Male,107547.89425228175
Masters,5,Urban,Manager,37,Male,70542.75255421679
Masters,11,Suburban,Director,30,Female,104898.03734316911
Diploma,17,Rural,AI Engineer,63,Female,66216.63104370439
Masters,21,Urban,Director,53,Female,130106.12476379848
Bachelor,27,Rural,Manager,21,Female,111937.05585564165
PhD,9,Urban,Director,58,Female,108097.65262317946
Masters,17,Rural,Manager,39,Male,102210.13687733517
Diploma,15,Rural,Director,49,Male,84816.64729960833
PhD,1,Rural,Manager,26,Female,64554.01524800048
Bachelor,21,Urban,Web Developer,25,Male,63218.97885141004
Masters,24,Urban,Director,24,Male,148284.0972126417
Diploma,16,Suburban,Director,22,Male,88759.45974397448
Masters,13,Suburban,Analyst,60,Male,44857.87623848489
Bachelor,20,Urban,Analyst,60,Female,51039.79110871522
Masters,24,Suburban,Software Developer,36,Female,85023.76549822184
Bachelor,24,Urban,Manager,27,Female,108078.6462764938
Diploma,3,Urban,Analyst,60,Male,23692.559379198316
Diploma,28,Urban,Cloud Engineer,44,Female,75781.86506138902
Bachelor,14,Suburban,AI Engineer,43,Female,75824.4545283222
Diploma,3,Rural,Manager,42,Male,43973.24262942599
Masters,18,Suburban,Manager,61,Male,104157.63964345767
Diploma,24,Rural,Director,26,Male,106043.3810907082
PhD,28,Suburban,Director,34,Female,174935.66350094043
Bachelor,14,Rural,AI Engineer,59,Male,74082.24813510203
Masters,17,Rural,Cloud Engineer,44,Male,84855.48127561432
Diploma,24,Urban,AI Engineer,51,Female,80998.80657834005
Masters,6,Suburban,Director,40,Male,85363.7930889486
PhD,26,Rural,Analyst,38,Male,68709.56551822834
Diploma,8,Suburban,Manager,55,Female,57971.75277376408
Diploma,2,Urban,Software Developer,52,Male,30051.13601704747
Bachelor,18,Urban,Director,40,Male,114312.74995661505
Diploma,3,Rural,Director,44,Female,56361.20658662889
Bachelor,29,Urban,Manager,52,Male,117335.69275029036
Diploma,21,Suburban,Analyst,47,Female,39564.71988664835
Masters,2,Urban,AI Engineer,64,Male,52129.57996646332
PhD,5,Urban,Manager,56,Female,78540.65142402014
PhD,22,Urban,Director,38,Male,152851.34763122853
Diploma,9,Urban,Analyst,42,Male,28785.170298166868
Masters,29,Suburban,AI Engineer,54,Male,124381.65085657139
Bachelor,19,Suburban,Director,51,Female,121953.02114452241
PhD,2,Rural,Director,38,Male,79887.75008894026
PhD,23,Urban,Manager,34,Male,125618.40208056413
Diploma,4,Rural,Director,27,Female,56543.4772408756
Masters,17,Rural,Software Developer,31,Female,67712.50205501681
Diploma,4,Suburban,Director,30,Male,58708.42561441373
Masters,26,Urban,Manager,58,Male,132168.91034969874
Diploma,6,Urban,Manager,61,Female,51587.26207873795
PhD,2,Suburban,Analyst,42,Male,32769.34700940343
Masters,4,Suburban,Analyst,20,Female,33798.20392743987
Masters,8,Suburban,Director,54,Female,91966.87550326878
Diploma,2,Urban,Director,37,Male,55366.17711885114
Diploma,2,Rural,Director,62,Female,51166.41143145303
Masters,8,Rural,Analyst,26,Male,37419.579724986615
Bachelor,26,Urban,Analyst,23,Male,59881.84524446427
PhD,5,Rural,Director,60,Male,88374.63444893691
Bachelor,14,Urban,Analyst,47,Male,43310.32705320988
Bachelor,13,Urban,Manager,32,Male,85100.34949239025
Bachelor,19,Suburban,Analyst,59,Male,47153.05977341069
Diploma,28,Urban,Manager,41,Female,98709.3361957813
Masters,1,Suburban,Director,45,Female,66369.65846690252
Bachelor,12,Suburban,Manager,20,Male,82060.09327944319
Bachelor,20,Rural,Cloud Engineer,63,Female,83141.2947746063
PhD,3,Suburban,Director,54,Male,86240.4271842077
PhD,14,Rural,Manager,21,Male,100188.6394935241
Bachelor,5,Urban,Manager,63,Female,62843.49256202965
PhD,17,Rural,Analyst,57,Male,56071.21241899406
Bachelor,17,Rural,Manager,63,Female,89601.29836694039
PhD,11,Rural,Analyst,45,Male,48784.80897756322
Masters,26,Urban,Manager,43,Male,129413.60745759773
Diploma,12,Urban,Manager,62,Female,64393.1600398015
Masters,4,Suburban,Analyst,24,Male,32445.59912243164
Bachelor,9,Urban,AI Engineer,27,Male,62257.481875852274
Bachelor,20,Suburban,Manager,49,Female,102928.25504216112
Bachelor,15,Urban,Manager,21,Male,87669.3825167822
Bachelor,1,Rural,Director,43,Female,60715.97797699219
Masters,21,Suburban,Analyst,43,Female,56971.40578856348
Diploma,21,Urban,Analyst,44,Female,41040.44517906581
Bachelor,1,Urban,Cloud Engineer,45,Male,40500.864933892204
Masters,3,Urban,Director,25,Female,75499.34124728027
PhD,12,Rural,AI Engineer,42,Male,83723.28862748719
Bachelor,6,Suburban,AI Engineer,36,Female,58158.96884743173
PhD,22,Suburban,Manager,51,Male,123492.64858913625
Bachelor,25,Suburban,Manager,20,Female,111481.54331080605
Bachelor,3,Urban,Analyst,23,Male,29375.758637104398
Masters,8,Suburban,Director,53,Male,93529.63312063123
Diploma,13,Suburban,Analyst,51,Female,33642.864411982184
Masters,12,Urban,Director,26,Male,102133.10107480866
Masters,20,Urban,Analyst,20,Male,57599.03860986432
PhD,29,Urban,Software Developer,28,Female,103326.55901046252
Masters,23,Urban,Software Developer,44,Female,84895.80099238471
Masters,2,Rural,Cloud Engineer,26,Female,49542.416441491136
Masters,17,Rural,Manager,31,Male,104928.73038920308
Diploma,19,Suburban,Director,24,Female,89266.90363042777
PhD,19,Rural,Director,57,Male,138323.67628608478
Bachelor,15,Urban,Manager,27,Female,85938.07532748237
Bachelor,22,Rural,Director,45,Female,122442.87298406428
PhD,16,Urban,Analyst,62,Female,51751.10334071254
PhD,16,Rural,AI Engineer,25,Female,99528.76038783668
Masters,6,Urban,Manager,57,Male,71863.48998707974
PhD,2,Suburban,AI Engineer,24,Female,56510.037254787545
Masters,11,Suburban,Director,62,Male,106824.9106932596
Masters,3,Rural,Manager,32,Female,61345.255657116686
Bachelor,28,Urban,Director,36,Male,142553.85648412196
PhD,9,Suburban,Web Developer,25,Female,50888.48873700856
Bachelor,24,Urban,Director,33,Male,136775.9320246861
PhD,20,Rural,Manager,31,Female,122508.94526994719
Bachelor,16,Urban,Director,42,Male,104404.7295513397
Masters,8,Urban,Manager,62,Male,74638.1815921163
Masters,13,Rural,Manager,59,Male,92828.72861888065
Bachelor,4,Suburban,Manager,20,Male,60964.95191853701
Masters,2,Rural,Analyst,44,Male,30114.915142631147
Diploma,17,Urban,Director,47,Male,87276.27863714604
Bachelor,18,Rural,Director,50,Female,117602.59202994568
Bachelor,17,Rural,Cloud Engineer,44,Female,75812.09742391792
PhD,25,Urban,Manager,48,Male,134342.19861976677
Masters,25,Rural,Manager,44,Female,124051.32222023742
Diploma,27,Suburban,AI Engineer,50,Female,80938.28851998014
PhD,6,Suburban,Director,52,Female,94062.9201641334
Bachelor,20,Rural,Director,55,Female,120775.41810929176
Diploma,27,Urban,Director,42,Male,115276.65251807493
Diploma,11,Rural,Manager,28,Female,63186.39474250059
Masters,20,Rural,Manager,23,Female,105942.78837573367
Bachelor,18,Suburban,Software Developer,56,Male,68874.74985322721
PhD,14,Suburban,Analyst,34,Female,52495.625895952704
Diploma,1,Urban,Analyst,56,Male,20484.90665922341
Bachelor,23,Urban,Manager,37,Male,102416.43288275182
Masters,2,Urban,Director,39,Male,76220.96929812401
Bachelor,7,Rural,Director,44,Male,84819.35774622926
Masters,10,Rural,Analyst,44,Female,41740.573385467585
Bachelor,6,Rural,Director,55,Male,78094.08741940485
PhD,13,Rural,Analyst,21,Female,48631.5249875733
Bachelor,11,Urban,Manager,32,Female,77101.3297451401
PhD,24,Urban,Manager,40,Female,135990.92900291996
Masters,17,Urban,Director,27,Male,123936.49985981699
Diploma,28,Rural,Director,42,Female,116629.5027026792
Diploma,18,Rural,Analyst,64,Male,37398.00070820969
PhD,5,Urban,Director,35,Female,91898.62983438083
Bachelor,29,Suburban,Manager,52,Male,125641.16916362924
Bachelor,26,Urban,Director,53,Male,144843.73103471944
Bachelor,15,Rural,Director,33,Male,101826.51352995563
Diploma,14,Rural,Director,21,Male,79555.65978928725
Masters,22,Urban,Manager,23,Female,111782.84344118957
Masters,18,Suburban,Director,59,Female,131419.56152669268
Masters,7,Suburban,Analyst,56,Male,38357.21896327977
Diploma,29,Rural,Web Developer,58,Female,58760.72369373342
Masters,11,Rural,Analyst,47,Male,43631.31472698806
PhD,6,Rural,Analyst,54,Female,37557.07185367903
PhD,5,Urban,Analyst,58,Female,36409.54662853051
Diploma,5,Rural,Manager,45,Male,48326.03975767366
Bachelor,21,Rural,Analyst,36,Female,52218.137701044776
Masters,24,Rural,Director,29,Male,145022.77991310207
Masters,19,Suburban,Manager,45,Male,111781.27257480398
PhD,19,Suburban,Cloud Engineer,20,Female,93828.64267987796
Diploma,23,Rural,Analyst,35,Male,41525.80408652684
Bachelor,22,Suburban,Cloud Engineer,36,Male,83893.8381027935
Masters,11,Suburban,Director,62,Male,106089.48390552324
Diploma,12,Suburban,Director,56,Male,80084.65621185784
Diploma,28,Suburban,Analyst,27,Female,48460.07315587682
Masters,28,Urban,Director,43,Female,159943.75490813883
Bachelor,15,Suburban,Director,60,Female,106516.57586482917
Masters,20,Suburban,Director,58,Female,137168.7922730436
Diploma,17,Suburban,Manager,57,Female,72773.82008434283
PhD,25,Suburban,Software Developer,57,Male,89992.98341033302
PhD,25,Urban,Analyst,24,Female,68330.3884940933
Diploma,2,Urban,Web Developer,54,Female,26272.32632219772
Diploma,9,Rural,Manager,42,Female,59021.34481215123
Bachelor,8,Suburban,Director,50,Male,81834.1623419818
Diploma,6,Suburban,Director,53,Male,63721.795729773075
Bachelor,16,Rural,Manager,47,Female,90743.15550531355
Diploma,24,Urban,Director,27,Female,109015.63379265825
Bachelor,10,Rural,Analyst,33,Female,37642.97923664222
Masters,21,Urban,Analyst,45,Female,55958.560075105415
PhD,1,Rural,Software Developer,57,Male,44341.91016583596
Bachelor,24,Rural,Manager,51,Male,110282.46164673833
PhD,15,Suburban,Manager,56,Female,102807.32570211074
Masters,3,Rural,Analyst,59,Female,32552.143792606188
Bachelor,20,Urban,Director,28,Female,124147.844898181
Masters,26,Urban,Manager,38,Male,124642.58183752083
Bachelor,22,Rural,Manager,40,Female,110128.40620892908
PhD,5,Urban,Director,45,Female,89848.6547907923
Masters,1,Rural,Manager,59,Male,59296.636593565214
Diploma,28,Suburban,Director,49,Male,119997.77907607934
Masters,27,Suburban,Cloud Engineer,22,Female,105551.56577633992
Bachelor,21,Suburban,Software Developer,60,Female,74995.70083936036
PhD,6,Suburban,Director,37,Female,94320.6688927603
Diploma,27,Rural,Software Developer,60,Female,68533.70013142952
Diploma,25,Urban,Director,59,Male,111379.94224125665
Masters,18,Rural,Director,53,Male,129444.51632296448
Masters,5,Urban,Manager,23,Female,69074.39128483829
Diploma,25,Rural,Director,46,Male,103957.75243846195
Masters,1,Urban,Director,44,Female,70666.51695326978
PhD,18,Urban,Director,50,Female,139557.54657264892
Diploma,18,Rural,Director,21,Female,90857.4342403499
Diploma,9,Suburban,Director,62,Male,68000.30799335155
Masters,10,Rural,Analyst,38,Male,41184.053662548205
Masters,5,Suburban,Analyst,27,Male,33764.88702282063
Bachelor,10,Rural,Analyst,63,Male,36461.379785869394
Masters,13,Urban,Web Developer,25,Male,54971.05584698518
Diploma,17,Suburban,Manager,60,Female,72841.13549598698
Diploma,4,Urban,Cloud Engineer,57,Male,39046.516232505244
Bachelor,1,Urban,Web Developer,39,Female,30548.6253972574
Bachelor,15,Urban,Analyst,54,Female,45040.45307236621
Diploma,24,Rural,Analyst,41,Male,45592.94042850623
Bachelor,1,Urban,Manager,56,Male,54775.768203839696
Diploma,25,Rural,Director,44,Female,103793.66049009324
Masters,29,Suburban,AI Engineer,50,Female,121680.27354488728
Diploma,12,Urban,Manager,21,Female,63045.89281260973
Bachelor,2,Suburban,Director,20,Female,67227.39920881057
Masters,19,Suburban,Cloud Engineer,44,Male,84739.02685487187
Diploma,15,Rural,Manager,24,Male,69785.48419996163
Diploma,13,Suburban,Web Developer,20,Female,38528.60339332832
Bachelor,9,Rural,Manager,56,Female,75094.49754492422
Bachelor,6,Rural,Software Developer,40,Female,46304.29563102797
PhD,25,Suburban,Director,24,Female,169976.41399937417
Diploma,3,Suburban,Web Developer,25,Female,28233.71428852713
Masters,18,Suburban,Analyst,34,Female,51673.56242397998
Bachelor,16,Rural,Web Developer,42,Male,52985.91807734105
Masters,4,Rural,Director,35,Female,82117.67716834861
PhD,22,Suburban,Analyst,39,Male,62939.02529412108
Bachelor,17,Rural,Director,32,Male,114154.90778644852
Masters,19,Suburban,Director,59,Female,122916.09217974504
Diploma,6,Rural,Manager,52,Male,52480.66899895104
Masters,25,Rural,Director,50,Female,155897.98045264956
Diploma,23,Urban,Director,40,Male,106629.09779429033
Masters,19,Urban,Director,40,Female,130642.08478215462
Diploma,8,Suburban,Analyst,25,Female,29258.02438990138
Diploma,24,Urban,AI Engineer,30,Female,81941.22089836316
Masters,18,Rural,Analyst,44,Male,51278.32360695138
Bachelor,27,Suburban,Director,31,Female,139305.11679304636
Diploma,25,Urban,Director,41,Female,104807.4921424903
Diploma,0,Urban,Software Developer,22,Female,27884.521955387092
Bachelor,0,Rural,Software Developer,21,Male,33353.16593540087
Bachelor,0,Rural,Web Developer,24,Female,28973.90510753591
Bachelor,0,Suburban,Software Developer,20,Female,34509.410038568814
Masters,0,Urban,Cloud Engineer,21,Male,44152.65640214676
Masters,0,Rural,Cloud Engineer,23,Male,45903.552595031026
PhD,0,Urban,Web Developer,20,Male,35211.44721514946
Diploma,0,Rural,Cloud Engineer,20,Male,31214.95492563896
Bachelor,0,Urban,AI Engineer,25,Male,44170.45542146433
Diploma,0,Suburban,AI Engineer,24,Female,35501.74546428602
Diploma,0,Urban,Software Developer,21,Male,27411.74514110392
Masters,0,Urban,Web Developer,20,Male,32246.002516427674
Bachelor,0,Rural,Software Developer,22,Male,35856.65204810489
Diploma,0,Suburban,Web Developer,25,Female,23747.186826474837
Bachelor,0,Urban,Software Developer,20,Male,34265.29344146369
Bachelor,0,Suburban,Software Developer,23,Female,34751.41544422927
Bachelor,0,Suburban,Web Developer,25,Female,29891.81705212648
Bachelor,0,Urban,Software Developer,20,Female,36553.003200328494
Bachelor,0,Suburban,Web Developer,21,Female,30183.03685944471
Masters,0,Urban,Software Developer,23,Female,37236.7934233364
Masters,0,Suburban,Web Developer,20,Male,32312.273343728837
Masters,0,Urban,AI Engineer,21,Male,47349.26613611373
Diploma,0,Suburban,Software Developer,21,Male,28350.871827131974
PhD,0,Rural,AI Engineer,22,Male,54693.35107635205
Bachelor,0,Rural,Cloud Engineer,23,Male,41832.025925497794
Bachelor,0,Rural,Cloud Engineer,22,Female,38565.324397416836
Bachelor,0,Urban,Cloud Engineer,24,Female,41642.52096151055
Bachelor,0,Rural,Cloud Engineer,22,Female,38628.29586793417
Bachelor,0,Urban,Cloud Engineer,21,Female,39479.859342810676
Diploma,0,Urban,AI Engineer,25,Female,35087.03031626594
Masters,0,Urban,Software Developer,24,Female,38070.536404513114
Diploma,0,Rural,Software Developer,25,Male,27889.810032791996
Diploma,0,Rural,Software Developer,21,Female,27304.157915843294
Diploma,0,Urban,AI Engineer,21,Male,37352.404392481454
Masters,0,Suburban,Software Developer,21,Female,38369.80008557932
Bachelor,0,Rural,Cloud Engineer,24,Male,41201.37062163338
Masters,0,Rural,AI Engineer,21,Female,47606.7371922433
Diploma,0,Suburban,Software Developer,22,Female,29015.57877470547
Bachelor,0,Urban,Cloud Engineer,22,Female,41374.548412100725
Masters,0,Urban,Software Developer,25,Female,39552.31502385868
Bachelor,0,Rural,Cloud Engineer,20,Male,40948.81483755902
Bachelor,0,Suburban,Software Developer,22,Male,34714.98073162122
Bachelor,0,Rural,AI Engineer,21,Female,45556.87433429232
Masters,0,Suburban,Software Developer,23,Female,37558.58166179733
Bachelor,0,Suburban,Software Developer,21,Male,33455.71655791474
Bachelor,0,Rural,Software Developer,22,Male,36173.38064610237
Bachelor,0,Urban,Web Developer,22,Female,30129.403160012967
Bachelor,0,Suburban,AI Engineer,20,Male,46901.91707708759
Bachelor,0,Rural,AI Engineer,22,Female,43264.33712018749
Bachelor,0,Urban,Software Developer,20,Female,33448.77591373674
Bachelor,0,Rural,Web Developer,25,Female,31343.287738435756
Bachelor,0,Urban,Web Developer,24,Male,28998.459224531354
Diploma,0,Rural,Cloud Engineer,20,Female,30576.40907807862
Masters,0,Urban,Web Developer,22,Male,31450.71395665373
Diploma,0,Suburban,Cloud Engineer,21,Male,31087.377716504234
Masters,0,Rural,Software Developer,22,Female,36895.30279875911
Masters,0,Suburban,Software Developer,24,Male,38494.93494507553
Diploma,0,Suburban,AI Engineer,25,Female,34772.243156311866
Bachelor,0,Suburban,Web Developer,25,Female,30335.83463975041
Masters,0,Suburban,Web Developer,21,Male,33499.726893525134
Masters,0,Rural,Cloud Engineer,25,Female,44319.36199757583
Bachelor,0,Rural,AI Engineer,25,Male,45276.0739400727
Masters,0,Urban,AI Engineer,23,Male,49971.68450621621
Masters,0,Suburban,Web Developer,23,Female,32182.012806073355
Bachelor,0,Rural,Web Developer,25,Male,29295.98422324999
Diploma,0,Urban,AI Engineer,22,Female,34727.119420264244
Diploma,0,Suburban,Web Developer,21,Female,24604.378025699654
Masters,0,Urban,Software Developer,23,Female,39261.18218518849
Diploma,0,Urban,Web Developer,20,Female,24860.157106013645
Masters,0,Suburban,Web Developer,21,Female,32402.76780346264
Diploma,0,Rural,AI Engineer,21,Male,37548.175900554335
Bachelor,0,Suburban,AI Engineer,22,Female,44320.59168630425
Masters,0,Rural,AI Engineer,24,Female,49467.97352653178
Bachelor,0,Suburban,Web Developer,22,Male,31033.22996980266
Bachelor,0,Suburban,AI Engineer,20,Female,42872.48106888984
Diploma,0,Suburban,Web Developer,24,Male,23035.104776524975
Bachelor,0,Urban,Web Developer,25,Female,29122.62114903711
Bachelor,0,Suburban,Cloud Engineer,25,Male,40657.62626275765
Bachelor,0,Urban,AI Engineer,20,Male,44849.969183253874
Masters,0,Urban,Cloud Engineer,24,Female,44333.82184161449
Bachelor,0,Urban,AI Engineer,23,Male,45857.42146298588
Bachelor,0,Suburban,Cloud Engineer,23,Male,38108.31244630286
Masters,0,Suburban,Cloud Engineer,24,Male,46149.68551267427
Masters,0,Urban,Software Developer,24,Female,37773.01351612197
Bachelor,0,Rural,Cloud Engineer,25,Female,39601.07445538906
Bachelor,0,Rural,Web Developer,20,Male,29798.301904067946
Bachelor,0,Urban,Cloud Engineer,22,Female,41482.68158312975
Bachelor,0,Suburban,Software Developer,24,Male,33820.20827089916
Bachelor,0,Rural,Cloud Engineer,24,Male,40255.06193032196
Masters,0,Rural,Software Developer,21,Male,37149.18775543696
PhD,0,Rural,Cloud Engineer,20,Female,49910.206558344405
Masters,0,Urban,Software Developer,21,Female,39159.42631978227
Masters,0,Urban,Cloud Engineer,20,Female,45704.44058698179
Bachelor,0,Rural,Software Developer,20,Male,35555.19065577398
Diploma,0,Rural,AI Engineer,25,Male,35125.18766753174
Diploma,0,Rural,Web Developer,22,Female,24871.279940144574
Masters,0,Urban,Software Developer,21,Male,38535.05369081327
Bachelor,0,Urban,AI Engineer,20,Male,45620.97477373303
Diploma,0,Suburban,Web Developer,22,Male,22807.2777433333
Bachelor,0,Suburban,Software Developer,23,Male,34531.61211902975
Bachelor,0,Suburban,Cloud Engineer,21,Male,39317.94375227941
Masters,0,Urban,Software Developer,24,Female,38003.6013912489
Diploma,0,Suburban,Cloud Engineer,20,Male,33227.546359604785
Bachelor,0,Rural,Cloud Engineer,20,Male,39102.6452268487
Bachelor,0,Urban,Web Developer,21,Female,31301.57244081444
Bachelor,0,Urban,AI Engineer,20,Male,45492.23998661972
Bachelor,0,Rural,AI Engineer,25,Male,46470.278433489555
Bachelor,0,Urban,Cloud Engineer,23,Female,39030.640958500284
Diploma,0,Urban,AI Engineer,24,Male,35183.96299874694
Masters,0,Suburban,Software Developer,20,Female,37016.972261484145
Diploma,0,Urban,Cloud Engineer,25,Female,31311.293434947285
PhD,0,Rural,Cloud Engineer,22,Female,48715.1179975059
Masters,0,Urban,Cloud Engineer,25,Female,42924.54585673518
Bachelor,0,Urban,AI Engineer,22,Female,43776.2819195553
Bachelor,0,Rural,Cloud Engineer,20,Male,39181.33153233473
Bachelor,0,Urban,AI Engineer,23,Male,43463.56406006259
Bachelor,0,Rural,Software Developer,25,Female,34691.05317532139
Bachelor,0,Suburban,AI Engineer,21,Male,42819.13849007794
Bachelor,0,Urban,Cloud Engineer,22,Female,38487.69598903429
Diploma,0,Rural,Software Developer,25,Male,28718.364145382053
Masters,0,Urban,Software Developer,21,Male,39047.7378489311
Diploma,0,Rural,Web Developer,25,Male,23872.602285644112
Bachelor,0,Suburban,Cloud Engineer,22,Female,41983.348095048634
Bachelor,0,Urban,Web Developer,23,Female,29750.572070942486
Diploma,0,Urban,Software Developer,22,Male,27385.2688897769
Bachelor,0,Rural,Cloud Engineer,23,Male,41534.62011764822
Diploma,0,Urban,AI Engineer,24,Male,35090.791426994554
Diploma,0,Suburban,Software Developer,22,Female,26918.352079408563
Masters,0,Urban,Cloud Engineer,25,Female,45449.7041599611
Masters,0,Rural,Cloud Engineer,24,Female,44712.35146692183
Bachelor,0,Rural,Software Developer,24,Female,33757.14743812293
Diploma,0,Suburban,Software Developer,24,Female,26917.658170703267
Diploma,0,Rural,Cloud Engineer,25,Male,32784.137302478564
Masters,0,Urban,Web Developer,21,Female,33869.005673461405
Bachelor,0,Urban,AI Engineer,24,Female,45939.7811244829
Bachelor,0,Rural,Cloud Engineer,22,Female,41453.64319733643
Bachelor,0,Urban,Software Developer,21,Female,33961.534152015745
Bachelor,0,Urban,AI Engineer,22,Female,44916.70924339322
Diploma,0,Urban,Cloud Engineer,24,Female,31063.233364881075
Diploma,0,Suburban,Web Developer,22,Male,22821.08574870151
Masters,0,Rural,Cloud Engineer,24,Male,43720.992337219104
Bachelor,0,Suburban,AI Engineer,21,Female,45718.35373921941
Bachelor,0,Suburban,Cloud Engineer,24,Male,39476.64562361026
Diploma,0,Urban,Web Developer,22,Female,25181.195099209945
Bachelor,0,Urban,Cloud Engineer,24,Female,39996.18577975754
Masters,0,Rural,Software Developer,24,Female,37358.49354512434
Masters,0,Rural,AI Engineer,20,Female,51190.69632238626
Diploma,0,Rural,Software Developer,24,Female,28399.474675291964
Bachelor,0,Rural,Software Developer,20,Male,35256.71849949117
Bachelor,0,Suburban,AI Engineer,22,Male,45568.20855998318
Bachelor,0,Suburban,Cloud Engineer,21,Female,41710.74913125695
Bachelor,0,Suburban,Cloud Engineer,23,Female,41371.56337537077
Bachelor,0,Rural,AI Engineer,22,Male,42921.43691858485
Bachelor,0,Urban,AI Engineer,20,Female,45386.106184201206
Diploma,0,Suburban,AI Engineer,24,Female,37611.64560589688
Bachelor,0,Rural,Software Developer,21,Male,36325.95461068293
Diploma,0,Rural,Software Developer,23,Male,28289.7144863448
Diploma,0,Suburban,AI Engineer,25,Male,34803.11769851596
Diploma,0,Urban,Cloud Engineer,25,Male,32766.864014665203
Masters,0,Urban,Software Developer,23,Female,38056.508701678555
Diploma,0,Suburban,Software Developer,21,Male,27421.94094347093
Diploma,0,Urban,Software Developer,22,Female,27953.701319306267
Masters,0,Rural,Web Developer,20,Female,31378.274217946906
Bachelor,0,Suburban,AI Engineer,20,Male,43464.62025316855
Bachelor,0,Rural,AI Engineer,21,Female,44443.73612641189
Bachelor,0,Urban,Software Developer,23,Male,33302.29353129295
Masters,0,Rural,Cloud Engineer,25,Female,43622.78345595745
Bachelor,0,Urban,Web Developer,25,Male,29713.38620752533
Masters,0,Rural,Web Developer,23,Female,31699.439118829014
Masters,0,Urban,AI Engineer,24,Male,50631.11095099268
PhD,0,Rural,Web Developer,24,Female,34234.42611061616
PhD,0,Rural,AI Engineer,23,Female,56010.831007817695
Bachelor,0,Urban,Software Developer,25,Male,36683.823206539935
Masters,0,Rural,Cloud Engineer,21,Female,43709.82950203843
Diploma,0,Urban,Web Developer,24,Female,23122.039237075533
Bachelor,0,Suburban,Web Developer,25,Male,31467.501246763954
Diploma,0,Urban,Cloud Engineer,24,Male,31599.59399117141
Bachelor,0,Rural,Web Developer,25,Female,30865.079852063394
Diploma,0,Urban,AI Engineer,22,Female,37304.12600461906
Diploma,0,Urban,Software Developer,22,Male,28312.406168322937
PhD,0,Rural,AI Engineer,24,Female,55426.94193241277
Bachelor,0,Urban,AI Engineer,23,Female,43242.80498562151
Masters,0,Rural,Web Developer,24,Male,32844.93275090003
Diploma,0,Urban,AI Engineer,23,Female,36199.29859617355
Bachelor,0,Suburban,Cloud Engineer,23,Male,39052.11821120069
Bachelor,0,Rural,Software Developer,21,Male,34707.80555188339
Masters,0,Suburban,AI Engineer,22,Male,47616.14600399228
Bachelor,0,Suburban,Web Developer,23,Male,28534.076643526907
Bachelor,0,Suburban,Software Developer,23,Male,36099.7039323092
Bachelor,0,Suburban,Web Developer,20,Male,30024.948371734194
Diploma,0,Suburban,AI Engineer,22,Male,34922.3730739618
Masters,0,Urban,Software Developer,25,Male,39577.0144417791
Bachelor,0,Urban,Web Developer,23,Female,30758.195277660052
Bachelor,0,Suburban,AI Engineer,21,Male,46170.70567113202
Masters,0,Suburban,Cloud Engineer,24,Male,43590.99419366541
Masters,0,Rural,Web Developer,25,Female,34238.14245077301
Masters,0,Rural,Web Developer,22,Female,31927.483461948064
Bachelor,0,Urban,Software Developer,23,Male,36001.14109162162
Bachelor,0,Rural,AI Engineer,24,Female,43460.79826337706
Diploma,0,Rural,Cloud Engineer,24,Female,30838.234035585414
Bachelor,0,Urban,Cloud Engineer,24,Female,41335.20485978959
Bachelor,0,Rural,Web Developer,25,Male,30237.244711407126
Masters,0,Suburban,Cloud Engineer,22,Male,46111.57774790335
Bachelor,0,Rural,Cloud Engineer,22,Male,40832.58072968889
Masters,0,Rural,AI Engineer,21,Female,51905.01866493233
Bachelor,0,Suburban,Web Developer,24,Male,29009.23253585124
Diploma,0,Suburban,Software Developer,21,Female,27555.6279540457
Bachelor,0,Rural,Cloud Engineer,25,Male,39971.402862435265
Bachelor,0,Suburban,Software Developer,20,Female,36054.825244314095
Bachelor,0,Rural,Software Developer,24,Female,34217.16608124689
Diploma,0,Rural,Cloud Engineer,21,Male,33093.22700658308
Bachelor,0,Urban,Cloud Engineer,20,Female,41157.911843817594
PhD,0,Rural,Cloud Engineer,20,Female,47959.498757367175
PhD,0,Urban,Software Developer,20,Male,42963.14784903314
Masters,0,Urban,Software Developer,25,Female,38530.939418896516
PhD,0,Urban,AI Engineer,20,Male,54079.38920378826
Diploma,0,Suburban,Web Developer,25,Male,24743.566890190556
Bachelor,0,Rural,Cloud Engineer,25,Male,40794.81946692728
Bachelor,0,Suburban,AI Engineer,20,Male,46490.63771216553
Diploma,0,Suburban,Software Developer,22,Female,27120.600879834972
Diploma,0,Rural,AI Engineer,22,Male,37246.54786298288
Masters,0,Suburban,AI Engineer,21,Male,47196.142212372724
PhD,0,Rural,Software Developer,21,Female,41773.86627803286
Bachelor,0,Urban,Cloud Engineer,25,Female,40998.63632351415
PhD,0,Rural,Software Developer,23,Female,41674.239003093084
Bachelor,0,Suburban,Cloud Engineer,23,Male,40689.43173921349
Bachelor,0,Suburban,AI Engineer,25,Female,43331.463168646114
Bachelor,0,Suburban,AI Engineer,21,Male,46625.08385553869
Bachelor,0,Urban,Software Developer,24,Female,35859.59051476082
Masters,0,Suburban,Web Developer,23,Female,34041.45653740203
Bachelor,0,Urban,Software Developer,21,Female,35197.7581018975
PhD,0,Urban,Web Developer,20,Male,37270.224604555406
Bachelor,0,Urban,AI Engineer,21,Female,46257.28974209486
Diploma,0,Rural,Web Developer,21,Female,24554.63972570445
PhD,0,Rural,Software Developer,23,Male,40186.87505811481
Bachelor,0,Urban,Web Developer,24,Female,30469.248539334876
Diploma,0,Suburban,Cloud Engineer,20,Male,32166.218602573957
Bachelor,0,Urban,AI Engineer,24,Male,46733.136005477885
Bachelor,0,Suburban,Web Developer,21,Female,29943.008157120083
Diploma,0,Urban,AI Engineer,23,Male,36085.96115763961
Bachelor,0,Rural,Cloud Engineer,21,Female,40570.52826654392
Diploma,0,Urban,Cloud Engineer,20,Female,33077.66311723118
Masters,0,Suburban,AI Engineer,20,Male,48512.53868949983
Bachelor,0,Urban,AI Engineer,25,Male,46788.1917608755
Masters,0,Urban,Web Developer,23,Male,33199.389503276645
PhD,0,Suburban,AI Engineer,23,Male,51598.474271416286
Bachelor,0,Urban,Web Developer,21,Male,29803.58194715472
Masters,0,Urban,Software Developer,20,Female,40214.5308083455
Bachelor,0,Urban,Cloud Engineer,20,Female,41530.82601275804
Bachelor,0,Rural,Cloud Engineer,23,Female,41606.650190353685
Bachelor,0,Urban,Web Developer,22,Female,29225.88604655542
Masters,0,Rural,Web Developer,20,Male,32969.44777195607
Masters,0,Urban,Web Developer,22,Female,32032.344237630216
Bachelor,0,Urban,Software Developer,20,Female,36201.03414039843
Masters,0,Urban,Software Developer,20,Male,40195.260228726656
Masters,0,Urban,Software Developer,20,Male,37225.02858366643
Masters,0,Urban,Web Developer,25,Male,33777.78714846071
Bachelor,0,Rural,Web Developer,21,Female,30374.34086309749
Bachelor,0,Suburban,AI Engineer,23,Female,46821.48474238712
Bachelor,0,Suburban,Web Developer,20,Male,30068.239477494026
Masters,0,Suburban,AI Engineer,23,Male,48476.66754585469
PhD,0,Suburban,Web Developer,20,Male,36871.59088850861
Bachelor,0,Urban,Web Developer,22,Male,29381.08395337217
Diploma,0,Suburban,AI Engineer,22,Female,35660.53452259591
Masters,0,Suburban,Cloud Engineer,21,Female,42874.248252638434
Diploma,0,Suburban,Web Developer,20,Male,23560.90910824348
Bachelor,0,Suburban,AI Engineer,22,Male,46440.92716544821
Bachelor,0,Urban,Cloud Engineer,23,Male,40094.777575762935
Diploma,0,Urban,AI Engineer,23,Female,35743.33255393281
Bachelor,0,Suburban,Web Developer,24,Male,30337.332108364073
Bachelor,0,Rural,Cloud Engineer,20,Male,40583.50535893841
PhD,0,Urban,AI Engineer,25,Male,52585.8889023931
Masters,0,Urban,Web Developer,23,Female,33919.668224288136
Diploma,0,Suburban,Cloud Engineer,22,Female,30561.04153490559
Diploma,0,Rural,Web Developer,23,Female,24512.591142736484
Bachelor,0,Urban,AI Engineer,25,Male,45091.87290004686
Bachelor,0,Rural,Cloud Engineer,22,Male,38831.568957664305
Diploma,0,Suburban,Cloud Engineer,21,Female,31457.28831519806
Masters,0,Suburban,Cloud Engineer,25,Male,43475.22343542833
Bachelor,0,Suburban,Software Developer,24,Female,34971.93845877621
Diploma,0,Rural,AI Engineer,20,Female,37073.01975016316
Bachelor,0,Urban,Software Developer,21,Female,36125.101092816425
Diploma,0,Rural,Software Developer,21,Female,27680.794682370877
Diploma,0,Rural,Web Developer,23,Female,25010.650876730142
Masters,0,Rural,Web Developer,21,Male,33634.21051155199
Masters,0,Suburban,AI Engineer,22,Female,47787.485192731714
Bachelor,0,Suburban,AI Engineer,20,Male,46942.73394545093
Bachelor,0,Suburban,Cloud Engineer,21,Male,38076.499278665106
Masters,0,Urban,Software Developer,21,Female,40004.746019777434
Diploma,0,Urban,AI Engineer,23,Male,35808.4697087233
Bachelor,0,Rural,Web Developer,24,Female,30511.87603303976
Masters,0,Urban,Cloud Engineer,21,Female,42821.10041844667
Masters,0,Suburban,Web Developer,21,Male,31878.970236877
Bachelor,0,Suburban,Software Developer,21,Female,36278.97268117821
Bachelor,0,Rural,Software Developer,23,Male,34402.09889930193
PhD,0,Urban,Software Developer,20,Female,42125.870907393444
Bachelor,0,Urban,AI Engineer,23,Male,44825.838181389016
Masters,0,Urban,Software Developer,22,Female,37985.82386779841
Bachelor,0,Suburban,Web Developer,22,Female,29740.13413419331
Bachelor,0,Rural,AI Engineer,24,Female,44566.06142348183
Masters,0,Rural,Cloud Engineer,20,Male,45794.657062700855
Masters,0,Rural,AI Engineer,21,Male,50353.079589954075
Masters,0,Rural,Software Developer,20,Male,38421.4960236925
Masters,0,Suburban,Cloud Engineer,20,Male,44086.02953970384
Masters,0,Rural,AI Engineer,24,Male,47347.51122719375
Bachelor,0,Urban,Software Developer,21,Female,33441.485431458335
PhD,0,Urban,Cloud Engineer,25,Male,46403.48824650612
Masters,0,Suburban,Cloud Engineer,25,Female,42626.43924549709
Bachelor,0,Suburban,Software Developer,24,Male,35714.53612822617
Masters,0,Suburban,Cloud Engineer,22,Female,43708.727819257656
Diploma,0,Urban,Software Developer,25,Male,28983.475367445437
Bachelor,0,Suburban,Cloud Engineer,23,Male,39878.89478455382
Bachelor,0,Suburban,AI Engineer,23,Male,43588.13120970487
Masters,0,Suburban,Cloud Engineer,21,Female,43201.310515181794
Masters,0,Suburban,Cloud Engineer,24,Male,43501.73230578228
Bachelor,0,Suburban,Software Developer,21,Male,36710.43015100499
Bachelor,0,Rural,Web Developer,23,Female,29150.70491361449
Masters,0,Rural,Web Developer,20,Female,32207.04703699946
Masters,0,Rural,Software Developer,22,Male,38174.3023509351
Bachelor,0,Rural,Cloud Engineer,24,Female,40831.516139120125
Masters,0,Rural,Software Developer,20,Male,39989.12738014429
Bachelor,0,Suburban,Software Developer,22,Female,34370.6919984309
PhD,0,Rural,AI Engineer,22,Female,56669.72213532445
Bachelor,0,Suburban,Cloud Engineer,20,Male,39731.251240621714
Masters,0,Suburban,Web Developer,20,Male,32805.290497803006
Bachelor,0,Urban,AI Engineer,23,Female,43538.29796569562
Bachelor,0,Rural,AI Engineer,21,Male,46601.6027448836
Bachelor,0,Rural,Cloud Engineer,20,Female,39587.200439465436
Diploma,0,Urban,Web Developer,24,Male,23498.26268860962
Masters,0,Urban,Web Developer,24,Female,34105.841581612985
Diploma,0,Rural,Cloud Engineer,24,Female,31602.288352777025
Bachelor,0,Rural,Cloud Engineer,20,Female,39201.509233584984
Diploma,0,Suburban,AI Engineer,21,Female,34958.09020455814
Masters,0,Suburban,AI Engineer,25,Male,48902.93432689933
Bachelor,0,Urban,Software Developer,25,Female,33375.30574763376
Bachelor,0,Urban,Software Developer,21,Female,34648.28259409386
Bachelor,0,Rural,Software Developer,25,Female,36486.230348760415
PhD,0,Rural,Cloud Engineer,20,Male,45913.43598437758
Bachelor,0,Urban,Cloud Engineer,22,Female,39060.879054725374
Masters,0,Suburban,Software Developer,22,Female,37062.85207201584
Diploma,0,Urban,AI Engineer,23,Male,34834.27972138492
Bachelor,0,Rural,Software Developer,21,Female,36043.3779146775
Bachelor,0,Rural,Cloud Engineer,21,Female,39670.87633671484
Bachelor,0,Rural,Software Developer,20,Female,35280.684909885684
Masters,0,Suburban,Software Developer,22,Female,37916.058772976474
Bachelor,0,Urban,AI Engineer,22,Female,45993.0720394706
Masters,0,Suburban,Software Developer,25,Male,37886.28532738485
PhD,0,Urban,Web Developer,22,Female,37758.72957847222
Masters,0,Suburban,Web Developer,22,Female,31438.148365764377
Bachelor,0,Suburban,AI Engineer,23,Female,45718.75481867556
Bachelor,0,Suburban,Web Developer,20,Male,29116.86517595443
Bachelor,0,Rural,Cloud Engineer,24,Male,38440.69772695196
Diploma,0,Urban,AI Engineer,21,Female,36110.06949009236
Bachelor,0,Urban,AI Engineer,25,Female,47229.77074989356
Masters,0,Rural,Cloud Engineer,20,Female,43514.74652925787
Bachelor,0,Suburban,Software Developer,24,Male,35270.68057443509
Bachelor,0,Rural,Cloud Engineer,21,Female,39719.20711782308
Bachelor,0,Urban,AI Engineer,23,Male,45022.16307017981
Bachelor,0,Suburban,Web Developer,22,Male,28588.218430467277
Masters,0,Rural,Web Developer,25,Male,31573.79240496394
Bachelor,0,Urban,AI Engineer,22,Female,43424.61810324375
Bachelor,0,Suburban,Software Developer,24,Female,35753.961133262834
Diploma,0,Urban,Web Developer,22,Male,25180.813137575282
Diploma,0,Suburban,Cloud Engineer,23,Female,32317.66076845764
Masters,0,Urban,Web Developer,22,Male,31557.404382131142
Diploma,0,Suburban,Web Developer,24,Female,24522.3935492854
Diploma,0,Urban,Cloud Engineer,21,Female,31687.29216788271
Diploma,0,Urban,Cloud Engineer,22,Female,33572.05965850053
Masters,0,Suburban,Web Developer,25,Male,33671.0828541776
Bachelor,0,Rural,Software Developer,20,Female,34302.70285237897
PhD,0,Rural,AI Engineer,21,Female,51469.979919052385
Bachelor,0,Urban,Software Developer,22,Male,34420.954164947754
Masters,0,Suburban,Web Developer,25,Male,34249.83850888241
Bachelor,0,Rural,Web Developer,25,Male,29030.325348217844
Masters,0,Urban,AI Engineer,21,Male,49618.36586629305
Masters,0,Suburban,Cloud Engineer,20,Female,43194.12538582045
Bachelor,0,Urban,Cloud Engineer,22,Male,40266.59076680043
Diploma,0,Urban,Cloud Engineer,22,Female,30581.57470616983
Bachelor,0,Urban,Web Developer,25,Male,31434.969711220838
Bachelor,0,Urban,Software Developer,23,Male,33320.92793719545
Masters,0,Suburban,Cloud Engineer,24,Male,45938.29059335604
Masters,0,Rural,Software Developer,25,Male,38301.925649080804
Bachelor,0,Rural,Web Developer,24,Male,29120.530252802153
Diploma,0,Suburban,Cloud Engineer,22,Female,31729.826180274544
Bachelor,0,Urban,Web Developer,23,Female,29139.735389412235
Diploma,0,Urban,Web Developer,20,Male,25042.144093471907
Bachelor,0,Suburban,Software Developer,25,Female,33945.6543617485
Diploma,0,Urban,Cloud Engineer,24,Female,32583.76410170834
Bachelor,0,Urban,AI Engineer,22,Male,45284.544673695586
Masters,0,Urban,Software Developer,25,Female,38150.26918984615
Bachelor,0,Rural,Software Developer,23,Male,35622.39093212069
Bachelor,0,Rural,Web Developer,23,Female,30505.6918801751
Diploma,0,Rural,Web Developer,25,Male,24985.330296667802
Masters,0,Rural,Software Developer,24,Female,39693.910079668116
Bachelor,0,Urban,Web Developer,23,Female,29737.650808743078
Diploma,0,Urban,Web Developer,23,Female,23269.38443792608
Bachelor,0,Suburban,AI Engineer,23,Male,47103.49803267677
Bachelor,0,Suburban,Web Developer,25,Male,30653.2045038588
Bachelor,0,Suburban,Web Developer,21,Female,29963.25644358874
Bachelor,0,Rural,Web Developer,25,Male,29895.49282069647
Bachelor,0,Suburban,Software Developer,22,Male,33522.53309745848
Masters,0,Rural,Software Developer,23,Male,39757.95149479145
Diploma,0,Rural,Web Developer,21,Male,24628.422801164932
Bachelor,0,Urban,AI Engineer,25,Male,45082.91348038308
Diploma,0,Urban,Cloud Engineer,23,Male,33144.682223589705
Masters,0,Rural,Web Developer,25,Female,32242.02444782479
Bachelor,0,Urban,Web Developer,22,Male,31234.027223303354
Bachelor,0,Urban,Software Developer,23,Male,35206.659108423526
Masters,0,Suburban,Software Developer,22,Male,38652.89680849944
Masters,0,Rural,AI Engineer,25,Female,51922.84408637717
Bachelor,0,Rural,AI Engineer,25,Male,44707.97307054226
Bachelor,0,Rural,Software Developer,23,Female,34330.93280291003
Bachelor,0,Suburban,AI Engineer,20,Male,44560.06025656823
Bachelor,0,Urban,Software Developer,22,Female,35596.48005339442
Diploma,0,Rural,Web Developer,20,Male,24765.762084313188
PhD,0,Urban,Cloud Engineer,21,Female,48340.744006543944
Bachelor,0,Rural,Web Developer,22,Male,29924.198599822896
Diploma,0,Urban,Software Developer,25,Male,27841.566178469086
Bachelor,0,Suburban,Web Developer,23,Male,31277.327502918775
Diploma,0,Suburban,Web Developer,21,Female,23038.5933177912
Bachelor,0,Suburban,AI Engineer,25,Female,47074.60594468926
Bachelor,0,Suburban,Web Developer,22,Female,31400.958931122135
Bachelor,0,Rural,AI Engineer,25,Female,45395.832314115425
Bachelor,0,Rural,Software Developer,25,Male,33282.06008633129
Diploma,0,Rural,Cloud Engineer,20,Male,32612.26366210723
Bachelor,0,Suburban,AI Engineer,20,Male,43201.31546354226
Masters,0,Rural,Web Developer,23,Male,32858.16091433025
Diploma,0,Rural,AI Engineer,22,Female,35354.70659782555
Bachelor,0,Urban,Software Developer,21,Male,35219.31329559989
Masters,0,Rural,AI Engineer,22,Male,49487.722356827755
Bachelor,0,Urban,AI Engineer,20,Female,45813.438904789444
Bachelor,0,Urban,Web Developer,25,Female,30880.393842682643
Diploma,0,Urban,Web Developer,20,Female,24442.10857169343
Masters,0,Suburban,Cloud Engineer,24,Male,44889.39571082333
Bachelor,0,Rural,AI Engineer,21,Female,43730.76418480287
Diploma,0,Suburban,Web Developer,23,Female,24275.76284072865
Diploma,0,Rural,AI Engineer,23,Male,37763.09977412802
Masters,0,Urban,Software Developer,22,Male,38192.89895164516
Bachelor,0,Rural,AI Engineer,24,Male,45319.87825671404
PhD,0,Rural,Cloud Engineer,23,Female,45811.85762752394
Masters,0,Urban,Software Developer,24,Male,40098.13575577432
Bachelor,0,Rural,Web Developer,22,Male,30409.929469704104
Diploma,0,Urban,Software Developer,23,Female,28612.5521756625
Masters,0,Suburban,Cloud Engineer,20,Female,44018.932582377776
Bachelor,0,Urban,Cloud Engineer,20,Male,40939.11422291569
Masters,0,Suburban,Web Developer,25,Female,33775.54117797684
Bachelor,0,Urban,Web Developer,20,Male,28638.24695583151
Bachelor,0,Suburban,AI Engineer,21,Female,46678.96030745813
Bachelor,0,Urban,Software Developer,21,Male,36048.27403582251
Diploma,0,Suburban,Web Developer,24,Female,23730.13203436919
Bachelor,0,Urban,Software Developer,21,Male,36001.00203285172
Masters,0,Urban,Software Developer,25,Male,37248.7804900409
Masters,0,Suburban,Software Developer,20,Male,36984.55373399061
Masters,0,Suburban,AI Engineer,20,Male,51955.838656438806
PhD,0,Suburban,Cloud Engineer,25,Male,48442.57772933246
Bachelor,0,Suburban,Software Developer,25,Female,33833.01172972193
Diploma,0,Rural,Web Developer,24,Female,23404.949435618782
Bachelor,0,Rural,Cloud Engineer,22,Male,39076.30434638283
Bachelor,0,Suburban,Web Developer,21,Male,29571.616887260894
Masters,0,Suburban,Web Developer,20,Male,32389.258720962058
Diploma,0,Suburban,Web Developer,22,Male,24501.816623358463
Masters,0,Suburban,Cloud Engineer,22,Female,44785.91671705366
Bachelor,0,Suburban,Cloud Engineer,20,Female,38573.99976023392
Bachelor,0,Urban,Software Developer,23,Female,35693.82127947709
PhD,0,Rural,AI Engineer,23,Female,56599.901160675356
Diploma,0,Rural,AI Engineer,25,Male,34538.32968091177
Bachelor,0,Rural,AI Engineer,23,Female,44841.31039362061
Masters,0,Urban,AI Engineer,23,Female,49703.33653290943
Masters,0,Urban,Software Developer,24,Male,40253.3892583812
Bachelor,0,Rural,Web Developer,23,Male,30843.865667443075
Bachelor,0,Suburban,Software Developer,23,Male,34588.62558934695
Bachelor,0,Rural,Web Developer,23,Male,30950.417695433964
Bachelor,0,Suburban,Web Developer,22,Female,28510.28511150679
Masters,0,Suburban,Software Developer,21,Female,38309.59481522186
Diploma,0,Suburban,Software Developer,22,Male,28941.99961802191
Bachelor,0,Rural,Web Developer,20,Female,29056.581963596072
Bachelor,0,Rural,Web Developer,24,Female,30453.316319119207
Masters,0,Suburban,Cloud Engineer,22,Male,43018.697514817715
Bachelor,0,Urban,Cloud Engineer,21,Male,39594.6460298708
Masters,0,Rural,AI Engineer,21,Male,48337.10026525786
Diploma,0,Urban,Software Developer,23,Female,26956.139315230892
Masters,0,Rural,Software Developer,21,Female,38458.792805028264
Bachelor,0,Rural,Web Developer,20,Male,29680.952758598043
Diploma,0,Urban,AI Engineer,22,Female,37611.68652495009
Bachelor,0,Rural,AI Engineer,23,Male,43266.20702478079
Bachelor,0,Suburban,Cloud Engineer,24,Male,41685.63509593036
Diploma,0,Urban,AI Engineer,23,Female,36490.31461554532
Masters,0,Urban,Web Developer,25,Female,31806.403739822956
Bachelor,0,Suburban,Cloud Engineer,22,Male,41501.10274985474
Bachelor,0,Suburban,Software Developer,21,Male,34440.86196352964
Masters,0,Suburban,AI Engineer,25,Male,51843.3951436701
Diploma,0,Suburban,Cloud Engineer,23,Female,33517.94368458226
PhD,0,Suburban,Web Developer,20,Female,37415.39737768875
Diploma,0,Urban,Web Developer,22,Female,23322.944108445445
Bachelor,0,Suburban,Cloud Engineer,24,Female,40772.147509253155
Bachelor,0,Urban,Web Developer,22,Female,28776.812660446558
Bachelor,0,Urban,AI Engineer,22,Female,44039.31941605242
Masters,0,Urban,Cloud Engineer,24,Female,44262.497015284585
Bachelor,0,Rural,Cloud Engineer,23,Male,39654.320209886624
Diploma,0,Suburban,AI Engineer,21,Female,35029.56078309615
Masters,0,Suburban,Web Developer,20,Male,34044.92449622213
Masters,0,Urban,Web Developer,25,Male,31650.6883697275
Bachelor,0,Suburban,Web Developer,22,Female,29754.781797782336
Bachelor,0,Urban,Web Developer,22,Male,30553.621808303073
Bachelor,0,Rural,AI Engineer,20,Female,44217.616209158514
Bachelor,0,Rural,Software Developer,20,Male,34127.94754028941
Masters,0,Urban,Software Developer,20,Female,37127.34017235668
Bachelor,0,Rural,AI Engineer,20,Male,45179.76956945043
Masters,0,Suburban,AI Engineer,24,Male,49702.32216560518
Bachelor,0,Rural,Web Developer,20,Male,30300.55228202472
Diploma,0,Rural,AI Engineer,22,Female,36598.35739442899
Bachelor,0,Urban,AI Engineer,24,Female,45087.80331491404
PhD,0,Rural,Web Developer,20,Female,36401.04385940196
PhD,0,Suburban,Web Developer,21,Female,35153.46560465497
Masters,0,Suburban,Web Developer,24,Female,31793.05106659701
Bachelor,0,Suburban,Web Developer,22,Male,30871.04482198778
Masters,0,Rural,Web Developer,24,Male,33143.129771936496
Bachelor,0,Rural,Software Developer,21,Male,35422.78987129446
Masters,0,Rural,Cloud Engineer,22,Female,44577.595347784045
Bachelor,0,Suburban,AI Engineer,24,Male,46446.72177484893
Masters,0,Rural,AI Engineer,20,Female,50887.658731347474
Masters,0,Urban,Cloud Engineer,21,Female,43124.52192746118
Masters,0,Urban,Cloud Engineer,20,Male,45942.97565032822
Bachelor,0,Suburban,Web Developer,21,Male,30060.89863209545
Bachelor,0,Urban,Web Developer,23,Female,28854.224408845024
Masters,0,Rural,Software Developer,25,Female,37064.34061835077
Bachelor,0,Rural,AI Engineer,24,Female,44013.427951920756
Masters,0,Rural,AI Engineer,22,Male,49179.07905738448
Bachelor,0,Rural,AI Engineer,23,Female,45790.863715770094
Masters,0,Urban,Cloud Engineer,21,Female,45702.257324274964
Bachelor,0,Urban,AI Engineer,22,Male,43269.83242409046
Masters,0,Rural,Web Developer,22,Female,32154.131658088303
Masters,0,Rural,Software Developer,22,Female,37251.485050618656
Bachelor,0,Urban,Software Developer,25,Male,36208.27424309193
Bachelor,0,Suburban,Software Developer,23,Male,34381.768420844855
Masters,0,Suburban,AI Engineer,21,Female,47298.31222632664
Masters,0,Rural,Web Developer,25,Female,33309.36260227806
Bachelor,0,Rural,AI Engineer,25,Male,46928.923071855315
Diploma,0,Suburban,Web Developer,20,Male,23644.23011815815
Masters,0,Suburban,AI Engineer,23,Female,49906.99251821026
Bachelor,0,Suburban,Web Developer,24,Female,29901.478201319373
Bachelor,0,Urban,Software Developer,21,Female,33648.86238046032
Masters,0,Urban,Web Developer,20,Male,33307.48798140979
Diploma,0,Urban,AI Engineer,21,Female,36906.89239942375
Masters,0,Rural,Cloud Engineer,25,Male,42184.80926491329
Diploma,0,Urban,AI Engineer,23,Male,36719.165787648984
Masters,0,Urban,Software Developer,20,Male,36847.8223730838
Masters,0,Urban,Cloud Engineer,22,Male,45010.79784230544
Diploma,0,Suburban,AI Engineer,21,Male,36108.32970507844
Masters,0,Rural,Cloud Engineer,24,Male,44165.61942210926
Bachelor,0,Rural,Software Developer,22,Male,34431.78836033324
Bachelor,0,Urban,AI Engineer,20,Male,46729.42284998515
Bachelor,0,Rural,Web Developer,22,Female,30649.997562310804
Diploma,0,Rural,AI Engineer,21,Male,35986.79746191069
Bachelor,0,Rural,AI Engineer,24,Female,42830.923927858195
Bachelor,0,Rural,Cloud Engineer,21,Female,38584.79355767074
Diploma,0,Rural,Software Developer,22,Male,26971.90285460018
Diploma,0,Urban,Cloud Engineer,20,Male,31162.836654975938
Bachelor,0,Rural,Web Developer,21,Male,30108.30171938973
Diploma,0,Urban,Web Developer,25,Female,24907.69947538524
Diploma,0,Rural,Web Developer,25,Female,25195.951058165032
Diploma,0,Urban,Cloud Engineer,24,Male,32046.296877007797
Masters,0,Urban,Web Developer,21,Female,33027.42473381437
Bachelor,0,Suburban,Web Developer,20,Male,30667.555535440577
Masters,0,Suburban,Software Developer,22,Female,37360.915725250816
Masters,0,Suburban,Software Developer,21,Male,36656.308090498445
Masters,0,Suburban,Web Developer,24,Male,32845.07566687168
Masters,0,Urban,AI Engineer,24,Female,49066.84019652067
Diploma,0,Suburban,Cloud Engineer,24,Male,30749.534076822507
Bachelor,0,Urban,AI Engineer,22,Male,46851.018600538795
Bachelor,0,Rural,Software Developer,23,Female,35730.363842062965
Bachelor,0,Rural,Cloud Engineer,20,Female,39721.70524275223
Masters,0,Urban,Web Developer,25,Male,32700.55707354526
Masters,0,Suburban,Cloud Engineer,20,Female,45646.50359769757
Bachelor,0,Urban,Cloud Engineer,25,Female,38904.37610489983
Diploma,0,Rural,Cloud Engineer,21,Male,31484.642323161177
Bachelor,0,Urban,AI Engineer,22,Female,44161.12759897127
Diploma,0,Urban,Cloud Engineer,23,Male,32796.213238922726
Masters,0,Urban,Software Developer,22,Male,37564.97386068016
Masters,0,Urban,Cloud Engineer,25,Female,41857.623624184016
Diploma,0,Urban,AI Engineer,21,Male,36678.59391329417
PhD,0,Rural,Web Developer,20,Female,35066.232276418225
Bachelor,0,Urban,Software Developer,24,Male,36437.79906330215
PhD,0,Rural,AI Engineer,20,Female,51478.76709226906
Masters,0,Suburban,Software Developer,23,Male,39171.72233542687
Bachelor,0,Rural,Software Developer,24,Male,36192.02094572015
Bachelor,0,Suburban,Cloud Engineer,20,Male,41075.42456951723
Bachelor,0,Rural,AI Engineer,24,Female,44983.10895314935
Masters,0,Rural,Software Developer,25,Female,40136.57624974406
Bachelor,0,Suburban,Software Developer,21,Male,34956.24754792465
Bachelor,0,Urban,AI Engineer,24,Female,46606.55504173377
Masters,0,Suburban,AI Engineer,20,Female,50955.80235640637
Bachelor,0,Urban,Cloud Engineer,20,Female,38226.17067394981
Masters,0,Suburban,AI Engineer,23,Male,49950.31528335731
Bachelor,0,Suburban,Software Developer,21,Male,34374.02238357466
Bachelor,0,Rural,Web Developer,24,Female,30689.695220375605
Bachelor,0,Rural,Web Developer,20,Female,29547.562804818597
Bachelor,0,Urban,Web Developer,23,Male,30089.012862099582
Bachelor,0,Suburban,Software Developer,21,Female,33835.34303108772
Bachelor,0,Suburban,Web Developer,20,Female,30523.611942398882
